subject_id,true_label,eegnet_prob,dnn_prob
Alzheimer_patient1,1,0.9394752,0.9747636
Alzheimer_patient1,1,0.9808992,0.92355525
Alzheimer_patient1,1,0.98369765,0.9852437
Alzheimer_patient1,1,0.9553975,0.97316676
Alzheimer_patient1,1,0.98680276,0.9689335
Alzheimer_patient1,1,0.9532838,0.9245203
Alzheimer_patient1,1,0.9509449,0.94421643
Alzheimer_patient1,1,0.9376974,0.9212443
Alzheimer_patient1,1,0.95930153,0.8924576
Alzheimer_patient1,1,0.9708924,0.9748019
Alzheimer_patient1,1,0.9731243,0.94231004
Alzheimer_patient1,1,0.96272784,0.9765464
Alzheimer_patient1,1,0.96399957,0.96187097
Alzheimer_patient1,1,0.9474738,0.9735899
Alzheimer_patient1,1,0.9718965,0.96654165
Alzheimer_patient1,1,0.9504031,0.9572873
Alzheimer_patient1,1,0.96672684,0.97598094
Alzheimer_patient1,1,0.96765697,0.92063665
Alzheimer_patient1,1,0.98389196,0.9797098
Alzheimer_patient1,1,0.95256644,0.9736037
Alzheimer_patient1,1,0.9822712,0.9881476
Alzheimer_patient1,1,0.94962287,0.9559687
Alzheimer_patient1,1,0.9639745,0.9448859
Alzheimer_patient1,1,0.94511473,0.96910036
Alzheimer_patient1,1,0.9750552,0.9279136
Alzheimer_patient1,1,0.9749226,0.9798705
Alzheimer_patient1,1,0.9860024,0.95667404
Alzheimer_patient1,1,0.94253314,0.9804311
Alzheimer_patient1,1,0.9605877,0.9459756
Alzheimer_patient1,1,0.9593325,0.9792181
Alzheimer_patient1,1,0.97803515,0.9632112
Alzheimer_patient1,1,0.9793495,0.9488426
Alzheimer_patient1,1,0.98210233,0.9824778
Alzheimer_patient1,1,0.92750853,0.95432186
Alzheimer_patient1,1,0.95008487,0.9655645
Alzheimer_patient1,1,0.9711486,0.9613072
Alzheimer_patient1,1,0.96119785,0.97455
Alzheimer_patient1,1,0.9632867,0.9344789
Alzheimer_patient1,1,0.95303416,0.96390253
Alzheimer_patient1,1,0.9718664,0.95570827
Alzheimer_patient1,1,0.9663753,0.9827447
Alzheimer_patient1,1,0.9529132,0.9499699
Alzheimer_patient1,1,0.97619987,0.957334
Alzheimer_patient1,1,0.97751683,0.97872084
Alzheimer_patient1,1,0.98163176,0.9619057
Alzheimer_patient1,1,0.98423135,0.989469
Alzheimer_patient1,1,0.97922915,0.9538263
Alzheimer_patient1,1,0.97707707,0.96779066
Alzheimer_patient1,1,0.98317933,0.97664666
Alzheimer_patient1,1,0.932975,0.932929
Alzheimer_patient1,1,0.96646833,0.92718244
Alzheimer_patient1,1,0.9830709,0.9445098
Alzheimer_patient1,1,0.96263045,0.891988
Alzheimer_patient1,1,0.9578113,0.9612935
Alzheimer_patient1,1,0.95523006,0.97371656
Alzheimer_patient1,1,0.9398907,0.94858575
Alzheimer_patient1,1,0.91281575,0.9180128
Alzheimer_patient1,1,0.95453084,0.95209974
Alzheimer_patient1,1,0.9738511,0.9617431
Alzheimer_patient1,1,0.96555257,0.98407245
Alzheimer_patient1,1,0.9773238,0.97750664
Alzheimer_patient1,1,0.94346553,0.96815634
Alzheimer_patient1,1,0.97025484,0.9725662
Alzheimer_patient1,1,0.98231655,0.9719105
Alzheimer_patient1,1,0.982855,0.9538754
Alzheimer_patient1,1,0.96818215,0.9796834
Alzheimer_patient1,1,0.9818951,0.9774287
Alzheimer_patient1,1,0.96855265,0.9739461
Alzheimer_patient1,1,0.9328789,0.94418013
Alzheimer_patient1,1,0.9694805,0.95416874
Alzheimer_patient1,1,0.98661876,0.94901705
Alzheimer_patient1,1,0.96319187,0.9855414
Alzheimer_patient14,1,0.95634276,0.96509486
Alzheimer_patient14,1,0.93049455,0.9410451
Alzheimer_patient14,1,0.98504186,0.9672629
Alzheimer_patient14,1,0.9491527,0.9512425
Alzheimer_patient14,1,0.97398245,0.9720092
Alzheimer_patient14,1,0.96284807,0.9889209
Alzheimer_patient14,1,0.96696,0.96219575
Alzheimer_patient14,1,0.97504306,0.98487157
Alzheimer_patient14,1,0.9582855,0.9303202
Alzheimer_patient14,1,0.9438026,0.9485819
Alzheimer_patient14,1,0.9513752,0.9622985
Alzheimer_patient14,1,0.93880934,0.96025527
Alzheimer_patient14,1,0.9438632,0.969829
Alzheimer_patient14,1,0.934392,0.98308736
Alzheimer_patient14,1,0.9343138,0.9835827
Alzheimer_patient14,1,0.96021956,0.9840818
Alzheimer_patient14,1,0.9642051,0.94774795
Alzheimer_patient14,1,0.94683963,0.97556114
Alzheimer_patient14,1,0.98360956,0.96500725
Alzheimer_patient14,1,0.9739449,0.97995627
Alzheimer_patient14,1,0.961169,0.9813708
Alzheimer_patient14,1,0.97377956,0.9653315
Alzheimer_patient14,1,0.9793044,0.9637762
Alzheimer_patient14,1,0.9847803,0.9872397
Alzheimer_patient14,1,0.96895707,0.9609698
Alzheimer_patient14,1,0.9863001,0.9710155
Alzheimer_patient14,1,0.9744591,0.9755831
Alzheimer_patient14,1,0.95890075,0.94948804
Alzheimer_patient14,1,0.98125505,0.9472241
Alzheimer_patient14,1,0.9691472,0.9661884
Alzheimer_patient14,1,0.95968145,0.9731279
Alzheimer_patient14,1,0.97317666,0.98396164
Alzheimer_patient14,1,0.9816252,0.9782212
Alzheimer_patient14,1,0.97274923,0.9851792
Alzheimer_patient14,1,0.9367689,0.96428657
Alzheimer_patient14,1,0.9492045,0.98496366
Alzheimer_patient14,1,0.92797625,0.9437216
Alzheimer_patient14,1,0.98532957,0.97921586
Alzheimer_patient14,1,0.8768978,0.93197924
Alzheimer_patient14,1,0.9413445,0.9555978
Alzheimer_patient14,1,0.95445687,0.98549813
Alzheimer_patient14,1,0.8913446,0.93159574
Alzheimer_patient14,1,0.9538325,0.92609566
Alzheimer_patient14,1,0.18917033,0.002843727
Alzheimer_patient14,1,0.87937057,0.9495761
Alzheimer_patient14,1,0.9636238,0.958106
Alzheimer_patient14,1,0.95651066,0.93529516
Alzheimer_patient14,1,0.9483378,0.9586929
Alzheimer_patient14,1,0.95783603,0.9601712
Alzheimer_patient14,1,0.9338078,0.9697312
Alzheimer_patient14,1,0.89417696,0.9557156
Alzheimer_patient14,1,0.9735712,0.97489715
Alzheimer_patient14,1,0.9593201,0.9259229
Alzheimer_patient14,1,0.96267265,0.9431369
Alzheimer_patient14,1,0.9688651,0.88735384
Alzheimer_patient14,1,0.97449625,0.9475862
Alzheimer_patient14,1,0.9468146,0.9259849
Alzheimer_patient14,1,0.9206032,0.8708231
Alzheimer_patient14,1,0.8610178,0.9329711
Alzheimer_patient14,1,0.9703042,0.87142694
Alzheimer_patient14,1,0.96256256,0.7970402
Alzheimer_patient14,1,0.9702807,0.84728
Alzheimer_patient14,1,0.97780097,0.90481985
Alzheimer_patient14,1,0.89673764,0.874117
Alzheimer_patient14,1,0.3284356,0.00044939603
Alzheimer_patient14,1,0.74959123,0.41135323
Alzheimer_patient14,1,0.9570892,0.95506704
Alzheimer_patient14,1,0.9556482,0.9473825
Alzheimer_patient14,1,0.97447044,0.9717584
Alzheimer_patient14,1,0.9599414,0.98833126
Alzheimer_patient14,1,0.91390467,0.9414253
Alzheimer_patient14,1,0.93447876,0.9254928
Alzheimer_patient14,1,0.9559652,0.9677561
Alzheimer_patient14,1,0.9424652,0.96206796
Alzheimer_patient14,1,0.95020974,0.8965932
Alzheimer_patient14,1,0.946588,0.9604603
Alzheimer_patient14,1,0.93476844,0.9823276
Alzheimer_patient14,1,0.9704421,0.9549232
Alzheimer_patient14,1,0.9860649,0.9259353
Alzheimer_patient14,1,0.9784156,0.9059607
Alzheimer_patient14,1,0.95630866,0.9795556
Alzheimer_patient14,1,0.97235405,0.9505499
Alzheimer_patient14,1,0.95087045,0.9691196
Alzheimer_patient14,1,0.9495791,0.9494814
Alzheimer_patient14,1,0.9759537,0.94070256
Alzheimer_patient14,1,0.9590947,0.9143931
Alzheimer_patient14,1,0.9007473,0.9007871
Alzheimer_patient14,1,0.9440523,0.9450414
Alzheimer_patient14,1,0.91314644,0.8913295
Alzheimer_patient14,1,0.313336,0.0043093073
Alzheimer_patient14,1,0.66236675,0.8030144
Alzheimer_patient14,1,0.95092535,0.984141
Alzheimer_patient14,1,0.9294812,0.97229797
Alzheimer_patient14,1,0.98741895,0.9153516
Alzheimer_patient14,1,0.9666011,0.9707312
Alzheimer_patient14,1,0.978183,0.97011924
Alzheimer_patient14,1,0.95402426,0.9672849
Alzheimer_patient14,1,0.97084713,0.9610374
Alzheimer_patient14,1,0.96983224,0.9623168
Alzheimer_patient14,1,0.91851443,0.96996945
Alzheimer_patient14,1,0.96994424,0.9682272
Alzheimer_patient14,1,0.9320564,0.8667251
Alzheimer_patient14,1,0.93742645,0.97081786
Alzheimer_patient18,1,0.9634546,0.40145925
Alzheimer_patient18,1,0.9952278,0.9365224
Alzheimer_patient18,1,0.998782,0.9642293
Alzheimer_patient18,1,0.986684,0.9191018
Alzheimer_patient18,1,0.983193,0.9234604
Alzheimer_patient18,1,0.99026495,0.9563052
Alzheimer_patient18,1,0.99383384,0.97976637
Alzheimer_patient18,1,0.9847767,0.8802597
Alzheimer_patient18,1,0.99693257,0.9819903
Alzheimer_patient18,1,0.9849891,0.8389991
Alzheimer_patient18,1,0.9939406,0.9707271
Alzheimer_patient18,1,0.9954008,0.9880643
Alzheimer_patient18,1,0.9963897,0.9400416
Alzheimer_patient18,1,0.9977948,0.9686754
Alzheimer_patient18,1,0.9803997,0.8255569
Alzheimer_patient18,1,0.9828859,0.9685497
Alzheimer_patient18,1,0.99867797,0.99468225
Alzheimer_patient18,1,0.9934218,0.96088415
Alzheimer_patient18,1,0.9963066,0.95610464
Alzheimer_patient18,1,0.9974457,0.9681354
Alzheimer_patient18,1,0.91355634,0.81535155
Alzheimer_patient18,1,0.9701636,0.8592281
Alzheimer_patient18,1,0.9906767,0.95092475
Alzheimer_patient18,1,0.9909719,0.96661633
Alzheimer_patient18,1,0.9947883,0.9455277
Alzheimer_patient18,1,0.99543995,0.97956294
Alzheimer_patient18,1,0.9901197,0.9337902
Alzheimer_patient18,1,0.99658865,0.9939013
Alzheimer_patient18,1,0.9944465,0.7753001
Alzheimer_patient18,1,0.9895387,0.98208743
Alzheimer_patient18,1,0.99272764,0.72906065
Alzheimer_patient18,1,0.9939337,0.9587456
Alzheimer_patient18,1,0.99269044,0.9556714
Alzheimer_patient18,1,0.9935125,0.9351347
Alzheimer_patient18,1,0.9854376,0.96954244
Alzheimer_patient18,1,0.9886475,0.7024732
Alzheimer_patient18,1,0.99304795,0.9265428
Alzheimer_patient18,1,0.98736274,0.9657791
Alzheimer_patient18,1,0.98515946,0.9044904
Alzheimer_patient18,1,0.9926333,0.8631247
Alzheimer_patient18,1,0.9856979,0.93131536
Alzheimer_patient18,1,0.9936592,0.8081784
Alzheimer_patient18,1,0.97592485,0.7039162
Alzheimer_patient18,1,0.95720816,0.558911
Alzheimer_patient18,1,0.9890318,0.820376
Alzheimer_patient18,1,0.99278784,0.87413394
Alzheimer_patient18,1,0.99255663,0.89798766
Alzheimer_patient18,1,0.9768658,0.9561846
Alzheimer_patient18,1,0.9934304,0.9714284
Alzheimer_patient18,1,0.99834573,0.9817613
Alzheimer_patient18,1,0.99527234,0.9895026
Alzheimer_patient18,1,0.99434817,0.9806321
Alzheimer_patient18,1,0.9969032,0.9119918
Alzheimer_patient18,1,0.99391085,0.863334
Alzheimer_patient18,1,0.9914778,0.90832007
Alzheimer_patient18,1,0.9764986,0.93056345
Alzheimer_patient18,1,0.993187,0.9122809
Alzheimer_patient18,1,0.9921332,0.9428155
Alzheimer_patient18,1,0.99040884,0.9398038
Alzheimer_patient18,1,0.9980886,0.99030715
Alzheimer_patient18,1,0.9952283,0.9609103
Alzheimer_patient18,1,0.9965256,0.9636818
Alzheimer_patient18,1,0.99686855,0.95603764
Alzheimer_patient18,1,0.98682535,0.9803075
Alzheimer_patient18,1,0.98224753,0.91677076
Alzheimer_patient18,1,0.97240776,0.97733784
Alzheimer_patient18,1,0.99480027,0.99200404
Alzheimer_patient18,1,0.99766105,0.88722694
Alzheimer_patient18,1,0.99202824,0.9363527
Alzheimer_patient18,1,0.99573064,0.9811736
Alzheimer_patient18,1,0.9949715,0.92882866
Alzheimer_patient18,1,0.99773383,0.8735775
Alzheimer_patient18,1,0.9997333,0.9962034
Alzheimer_patient18,1,0.99781215,0.99325067
Alzheimer_patient18,1,0.9948258,0.9744683
Alzheimer_patient18,1,0.99440175,0.9451619
Alzheimer_patient18,1,0.9986008,0.98863846
Alzheimer_patient18,1,0.9934532,0.959114
Alzheimer_patient18,1,0.99653906,0.966606
Alzheimer_patient18,1,0.9990867,0.99708986
Alzheimer_patient18,1,0.99798506,0.9939734
Alzheimer_patient18,1,0.9976996,0.9802783
Alzheimer_patient18,1,0.9986614,0.9844947
Alzheimer_patient18,1,0.9869246,0.9334228
Alzheimer_patient18,1,0.99528676,0.9880695
Alzheimer_patient18,1,0.99285835,0.889175
Alzheimer_patient18,1,0.99469936,0.95998937
Alzheimer_patient18,1,0.9964458,0.9769771
Alzheimer_patient18,1,0.99301547,0.950449
Alzheimer_patient18,1,0.99608886,0.97061116
Alzheimer_patient18,1,0.99496114,0.98283446
Alzheimer_patient18,1,0.9992566,0.9974361
Alzheimer_patient18,1,0.9979208,0.96837413
Alzheimer_patient18,1,0.9834941,0.90916663
Alzheimer_patient18,1,0.995407,0.95395005
Alzheimer_patient18,1,0.95488286,0.88944966
Alzheimer_patient18,1,0.98850685,0.5367173
Alzheimer_patient18,1,0.9930502,0.9837899
Alzheimer_patient18,1,0.99770314,0.9913267
Alzheimer_patient18,1,0.9947208,0.97249395
Alzheimer_patient18,1,0.9946964,0.94403654
Alzheimer_patient25,1,0.64268637,0.15864417
Alzheimer_patient25,1,0.39180636,0.39152262
Alzheimer_patient25,1,0.64438313,0.7596835
Alzheimer_patient25,1,0.4123455,0.08684376
Alzheimer_patient25,1,0.8348232,0.6604496
Alzheimer_patient25,1,0.33222532,0.04445069
Alzheimer_patient25,1,0.67323446,0.76218
Alzheimer_patient25,1,0.40850046,0.053960975
Alzheimer_patient25,1,0.40979093,0.01457153
Alzheimer_patient25,1,0.49833912,0.3937063
Alzheimer_patient25,1,0.6657902,0.7265475
Alzheimer_patient25,1,0.22019133,0.0020779124
Alzheimer_patient25,1,0.41286683,0.1442403
Alzheimer_patient25,1,0.5865421,0.17349008
Alzheimer_patient25,1,0.5892622,0.31290454
Alzheimer_patient25,1,0.5801256,0.793336
Alzheimer_patient25,1,0.24434566,0.0055452995
Alzheimer_patient25,1,0.34189132,0.0010633551
Alzheimer_patient25,1,0.4242621,0.013754345
Alzheimer_patient25,1,0.72147113,0.081726
Alzheimer_patient25,1,0.3626761,0.030318467
Alzheimer_patient25,1,0.5636511,0.8679198
Alzheimer_patient25,1,0.5112339,0.6675685
Alzheimer_patient25,1,0.38717672,0.58305836
Alzheimer_patient25,1,0.21615942,0.07570479
Alzheimer_patient25,1,0.0913459,0.24968877
Alzheimer_patient25,1,0.089935765,0.07900662
Alzheimer_patient25,1,0.12552804,0.054370213
Alzheimer_patient25,1,0.13020463,0.057858184
Alzheimer_patient25,1,0.16696577,0.7670163
Alzheimer_patient25,1,0.5264073,0.43802106
Alzheimer_patient25,1,0.22237518,0.116374716
Alzheimer_patient25,1,0.055589013,0.088834405
Alzheimer_patient25,1,0.14355356,0.07001099
Alzheimer_patient25,1,0.22745113,0.045258846
Alzheimer_patient25,1,0.18491298,0.18378584
Alzheimer_patient25,1,0.20600031,0.008984347
Alzheimer_patient25,1,0.070389114,0.004286956
Alzheimer_patient25,1,0.14227627,0.09629984
Alzheimer_patient25,1,0.10696128,0.093349025
Alzheimer_patient25,1,0.11726187,0.018269412
Alzheimer_patient25,1,0.20800833,0.014628236
Alzheimer_patient25,1,0.28408164,0.7493116
Alzheimer_patient25,1,0.09905855,0.05901567
Alzheimer_patient25,1,0.10138742,0.01501678
Alzheimer_patient25,1,0.2800232,0.027800543
Alzheimer_patient25,1,0.17294177,0.08734563
Alzheimer_patient25,1,0.10758161,0.0878319
Alzheimer_patient25,1,0.21462458,0.019561293
Alzheimer_patient25,1,0.127643,0.08690742
Alzheimer_patient25,1,0.31103742,0.2976454
Alzheimer_patient25,1,0.16883473,0.29568058
Alzheimer_patient25,1,0.2473526,0.08082337
Alzheimer_patient25,1,0.1835471,0.4436919
Alzheimer_patient25,1,0.3816606,0.8836847
Alzheimer_patient25,1,0.09715593,0.040408224
Alzheimer_patient25,1,0.20216292,0.15472282
Alzheimer_patient25,1,0.1808852,0.015097227
Alzheimer_patient25,1,0.21993148,0.04674854
Alzheimer_patient25,1,0.26250824,0.22184773
Alzheimer_patient25,1,0.10553406,0.12620312
Alzheimer_patient25,1,0.05192218,0.09481244
Alzheimer_patient25,1,0.33262998,0.26360413
Alzheimer_patient25,1,0.09757941,0.13026388
Alzheimer_patient25,1,0.17636067,0.1405174
Alzheimer_patient25,1,0.04475983,0.004038202
Alzheimer_patient25,1,0.073249824,0.021440176
Alzheimer_patient25,1,0.09546659,0.09997283
Alzheimer_patient25,1,0.33757412,0.084290445
Alzheimer_patient25,1,0.22275028,0.11396599
Alzheimer_patient25,1,0.045913044,0.13831803
Alzheimer_patient25,1,0.028202694,0.031326897
Alzheimer_patient25,1,0.056134123,0.5400013
Alzheimer_patient25,1,0.12963355,0.4541627
Alzheimer_patient25,1,0.10558908,0.46526504
Alzheimer_patient25,1,0.05398654,0.7283866
Alzheimer_patient25,1,0.19555616,0.16674937
Alzheimer_patient25,1,0.11018814,0.28113496
Alzheimer_patient25,1,0.5037364,0.8821718
Alzheimer_patient25,1,0.28735983,0.8757661
Alzheimer_patient25,1,0.27260637,0.58119684
Alzheimer_patient31,1,0.06492852,0.045424905
Alzheimer_patient31,1,0.025576811,0.00070261204
Alzheimer_patient31,1,0.81056094,0.7844675
Alzheimer_patient31,1,0.6217838,0.29766506
Alzheimer_patient31,1,0.33606786,0.039744966
Alzheimer_patient31,1,0.1923938,0.028506506
Alzheimer_patient31,1,0.8636784,0.88447225
Alzheimer_patient31,1,0.37792945,0.107078955
Alzheimer_patient31,1,0.7225658,0.7955618
Alzheimer_patient31,1,0.73899686,0.30342397
Alzheimer_patient31,1,0.7188798,0.29990655
Alzheimer_patient31,1,0.655929,0.8797587
Alzheimer_patient31,1,0.5901807,0.43262416
Alzheimer_patient31,1,0.65176004,0.5325285
Alzheimer_patient31,1,0.4399424,0.08529458
Alzheimer_patient31,1,0.29668352,0.044027623
Alzheimer_patient31,1,0.5480499,0.089871235
Alzheimer_patient31,1,0.45994234,0.6314033
Alzheimer_patient31,1,0.6126249,0.618996
Alzheimer_patient31,1,0.50055623,0.61141944
Alzheimer_patient31,1,0.8251005,0.8939933
Alzheimer_patient31,1,0.6093287,0.46913275
Alzheimer_patient31,1,0.29382384,0.043247815
Alzheimer_patient31,1,0.8151931,0.48865956
Alzheimer_patient31,1,0.49630976,0.24233122
Alzheimer_patient31,1,0.42946333,0.031890918
Alzheimer_patient31,1,0.5700901,0.23654115
Alzheimer_patient31,1,0.48248252,0.54696536
Alzheimer_patient31,1,0.36865416,0.17562377
Alzheimer_patient31,1,0.5361066,0.15772215
Alzheimer_patient31,1,0.2161248,0.058937103
Alzheimer_patient31,1,0.76141614,0.83717436
Alzheimer_patient31,1,0.3352576,0.39701504
Alzheimer_patient31,1,0.6601129,0.62416244
Alzheimer_patient31,1,0.67452115,0.28482848
Alzheimer_patient31,1,0.37898132,0.4649507
Alzheimer_patient31,1,0.33574316,0.2661873
Alzheimer_patient31,1,0.42181635,0.1756413
Alzheimer_patient31,1,0.47313094,0.5328964
Alzheimer_patient31,1,0.55653864,0.24330926
Alzheimer_patient31,1,0.5526915,0.058210135
Alzheimer_patient31,1,0.5017202,0.024450013
Alzheimer_patient31,1,0.32332575,0.07628637
Alzheimer_patient31,1,0.7318908,0.8505075
Alzheimer_patient31,1,0.59327793,0.7598356
Alzheimer_patient31,1,0.4633344,0.26952803
Alzheimer_patient31,1,0.52362686,0.26939917
Alzheimer_patient31,1,0.74647826,0.76877445
Alzheimer_patient31,1,0.666557,0.77931994
Alzheimer_patient31,1,0.27334502,0.13186353
Alzheimer_patient31,1,0.42495695,0.180873
Alzheimer_patient31,1,0.5499409,0.68759453
Alzheimer_patient31,1,0.72878087,0.82567793
Alzheimer_patient31,1,0.7207555,0.6167749
Alzheimer_patient31,1,0.39617437,0.26044866
Alzheimer_patient31,1,0.8872874,0.95570344
Alzheimer_patient31,1,0.8527266,0.7544126
Alzheimer_patient31,1,0.8513347,0.910159
Alzheimer_patient31,1,0.25888875,0.18664476
Alzheimer_patient31,1,0.55346775,0.37666824
Alzheimer_patient31,1,0.89644086,0.98042357
Alzheimer_patient31,1,0.78166693,0.8155691
Alzheimer_patient31,1,0.73302066,0.8559101
Alzheimer_patient31,1,0.5377876,0.40717402
Alzheimer_patient31,1,0.8931976,0.9435542
Alzheimer_patient31,1,0.8882202,0.85968107
Alzheimer_patient31,1,0.78091675,0.88597864
Alzheimer_patient31,1,0.68143004,0.77464306
Alzheimer_patient31,1,0.3828246,0.39238435
Alzheimer_patient31,1,0.93719965,0.96218073
Alzheimer_patient31,1,0.8855171,0.8422976
Alzheimer_patient31,1,0.87472904,0.90831447
Alzheimer_patient31,1,0.86354786,0.9236377
Alzheimer_patient31,1,0.85304403,0.96142477
Alzheimer_patient31,1,0.9189384,0.9822108
Alzheimer_patient31,1,0.8566282,0.9512676
Alzheimer_patient31,1,0.9141734,0.9562719
Alzheimer_patient31,1,0.85351413,0.92506135
Alzheimer_patient31,1,0.8135256,0.96689427
Alzheimer_patient31,1,0.71953773,0.5700129
Alzheimer_patient31,1,0.45325637,0.24008803
Alzheimer_patient31,1,0.6951505,0.59711677
Alzheimer_patient31,1,0.34079498,0.30545706
Alzheimer_patient31,1,0.8322101,0.9179159
Alzheimer_patient31,1,0.6956142,0.7436434
Alzheimer_patient31,1,0.5063999,0.38993615
Alzheimer_patient31,1,0.69010127,0.7137838
Alzheimer_patient31,1,0.7151677,0.57305455
Alzheimer_patient31,1,0.6862006,0.7867923
Alzheimer_patient31,1,0.648733,0.41974562
Alzheimer_patient31,1,0.7867438,0.78786135
Alzheimer_patient31,1,0.583823,0.2238319
Alzheimer_patient31,1,0.15650477,0.028105361
Alzheimer_patient31,1,0.14814863,0.1159877
Alzheimer_patient31,1,0.8759088,0.9044723
Alzheimer_patient31,1,0.8034217,0.6370895
Alzheimer_patient31,1,0.8461474,0.16313449
Alzheimer_patient31,1,0.1223322,0.042248838
Alzheimer_patient31,1,0.54349226,0.07816983
Alzheimer_patient31,1,0.6933534,0.12159771
Alzheimer_patient31,1,0.4542045,0.106728755
Alzheimer_patient31,1,0.8005401,0.05952941
Alzheimer_patient31,1,0.5159096,0.57782924
Alzheimer_patient31,1,0.6355567,0.733265
Alzheimer_patient31,1,0.18749057,0.0077627273
Alzheimer_patient31,1,0.5904741,0.71260375
Alzheimer_patient31,1,0.90560323,0.8444478
Alzheimer_patient31,1,0.9147737,0.97950155
Alzheimer_patient31,1,0.79993516,0.9555676
Alzheimer_patient31,1,0.90438867,0.98726034
Alzheimer_patient31,1,0.763904,0.86467284
Alzheimer_patient31,1,0.37628132,0.006361042
Alzheimer_patient31,1,0.44449326,0.71261674
Alzheimer_patient31,1,0.29375583,0.5612294
Alzheimer_patient31,1,0.77071404,0.88425076
Alzheimer_patient31,1,0.47164503,0.57021034
Alzheimer_patient31,1,0.6293028,0.5255564
Alzheimer_patient31,1,0.8040114,0.5978533
Alzheimer_patient31,1,0.49341014,0.25468457
Alzheimer_patient31,1,0.6876368,0.57288986
Alzheimer_patient31,1,0.29944167,0.17299736
Alzheimer_patient31,1,0.76320416,0.7307132
Alzheimer_patient31,1,0.33337525,0.3227894
Alzheimer_patient31,1,0.8042196,0.74579555
Alzheimer_patient31,1,0.7330905,0.7563045
Alzheimer_patient31,1,0.5218543,0.67718375
Alzheimer_patient31,1,0.5473122,0.52650005
Alzheimer_patient31,1,0.59970504,0.78060037
Alzheimer_patient31,1,0.7450575,0.62060064
Alzheimer_patient31,1,0.19665475,0.112775184
Alzheimer_patient36,1,0.8317582,0.121474564
Alzheimer_patient36,1,0.85648113,0.47281945
Alzheimer_patient36,1,0.83636004,0.79387593
Alzheimer_patient36,1,0.84167385,0.6152442
Alzheimer_patient36,1,0.89990234,0.8471099
Alzheimer_patient36,1,0.9528541,0.23806947
Alzheimer_patient36,1,0.89068455,0.8532839
Alzheimer_patient36,1,0.9742099,0.49918342
Alzheimer_patient36,1,0.9498133,0.60113615
Alzheimer_patient36,1,0.87920785,0.1319212
Alzheimer_patient36,1,0.9468791,0.38533336
Alzheimer_patient36,1,0.9690878,0.7743371
Alzheimer_patient36,1,0.8849767,0.7673297
Alzheimer_patient36,1,0.8423617,0.31985408
Alzheimer_patient36,1,0.83040637,0.7372854
Alzheimer_patient36,1,0.8513268,0.55354434
Alzheimer_patient36,1,0.8843836,0.15239671
Alzheimer_patient36,1,0.870545,0.09519958
Alzheimer_patient36,1,0.79551834,0.24799828
Alzheimer_patient36,1,0.9088934,0.6685009
Alzheimer_patient36,1,0.93904257,0.44954333
Alzheimer_patient36,1,0.73083997,0.1100838
Alzheimer_patient36,1,0.81877166,0.23782623
Alzheimer_patient36,1,0.90754044,0.29964653
Alzheimer_patient36,1,0.9431956,0.28391778
Alzheimer_patient36,1,0.80023396,0.1241766
Alzheimer_patient36,1,0.8835939,0.34244898
Alzheimer_patient36,1,0.8168329,0.13792637
Alzheimer_patient36,1,0.95730597,0.1959562
Alzheimer_patient36,1,0.8835355,0.22616707
Alzheimer_patient36,1,0.7854909,0.015479605
Alzheimer_patient36,1,0.8466462,0.07065767
Alzheimer_patient36,1,0.88559747,0.33396804
Alzheimer_patient36,1,0.9105412,0.311581
Alzheimer_patient36,1,0.7342147,0.29167783
Alzheimer_patient36,1,0.8279016,0.2756349
Alzheimer_patient36,1,0.80181974,0.049931172
Alzheimer_patient36,1,0.9270409,0.119313315
Alzheimer_patient36,1,0.9191871,0.079282634
Alzheimer_patient36,1,0.7980592,0.06409518
Alzheimer_patient36,1,0.8914809,0.17648062
Alzheimer_patient36,1,0.9149719,0.1773458
Alzheimer_patient36,1,0.93492633,0.5823893
Alzheimer_patient36,1,0.7920724,0.17809455
Alzheimer_patient36,1,0.75707316,0.41035378
Alzheimer_patient36,1,0.80050355,0.21500091
Alzheimer_patient36,1,0.80849963,0.04139541
Alzheimer_patient36,1,0.9803828,0.80088645
Alzheimer_patient36,1,0.87822276,0.05580108
Alzheimer_patient36,1,0.96665055,0.62841815
Alzheimer_patient36,1,0.89755934,0.370737
Alzheimer_patient36,1,0.93021315,0.27187222
Alzheimer_patient36,1,0.7853651,0.6262213
Alzheimer_patient36,1,0.84894115,0.26737782
Alzheimer_patient36,1,0.6167806,0.21006729
Alzheimer_patient36,1,0.86526006,0.4288288
Alzheimer_patient36,1,0.8886945,0.9103747
Alzheimer_patient36,1,0.8602277,0.678112
Alzheimer_patient36,1,0.9263399,0.3503167
Alzheimer_patient36,1,0.8803781,0.30795226
Alzheimer_patient36,1,0.96930575,0.6064772
Alzheimer_patient36,1,0.9049407,0.76435465
Alzheimer_patient36,1,0.8289728,0.49483734
Alzheimer_patient36,1,0.8749523,0.52879155
Alzheimer_patient36,1,0.9874354,0.88626254
Alzheimer_patient36,1,0.9919356,0.6196772
Alzheimer_patient36,1,0.94662154,0.2984883
Alzheimer_patient36,1,0.94154346,0.79768014
Alzheimer_patient36,1,0.8864993,0.64593077
Alzheimer_patient36,1,0.8737693,0.46652073
Alzheimer_patient36,1,0.7268023,0.15218288
Alzheimer_patient36,1,0.88632315,0.08904681
Alzheimer_patient36,1,0.91221964,0.32922757
Alzheimer_patient36,1,0.94093704,0.2517635
Alzheimer_patient36,1,0.952918,0.46495184
Alzheimer_patient36,1,0.944599,0.374667
Alzheimer_patient36,1,0.86558175,0.13861316
Alzheimer_patient36,1,0.9868018,0.8112546
Alzheimer_patient36,1,0.93549997,0.65413314
Alzheimer_patient36,1,0.7569357,0.26043895
Alzheimer_patient36,1,0.8824039,0.09313136
Alzheimer_patient36,1,0.88738406,0.19705205
Alzheimer_patient36,1,0.89248544,0.21425739
Alzheimer_patient36,1,0.8108783,0.5251289
Alzheimer_patient36,1,0.8579122,0.44361767
Alzheimer_patient36,1,0.86455244,0.25483385
Alzheimer_patient36,1,0.8951499,0.38512495
Alzheimer_patient36,1,0.8402507,0.14369649
Alzheimer_patient36,1,0.7645008,0.15090322
Alzheimer_patient36,1,0.8884667,0.7794189
Alzheimer_patient36,1,0.95908487,0.19899786
Alzheimer_patient36,1,0.9611713,0.8310062
Alzheimer_patient36,1,0.7523304,0.040113814
Alzheimer_patient36,1,0.844172,0.46563786
Alzheimer_patient37,1,0.81015307,0.9764488
Alzheimer_patient5,1,0.9589277,0.8318011
Alzheimer_patient5,1,0.937444,0.9699483
Alzheimer_patient5,1,0.97089314,0.82606107
Alzheimer_patient5,1,0.9758879,0.98105574
Alzheimer_patient5,1,0.98264396,0.95595586
Alzheimer_patient5,1,0.9731538,0.9854584
Alzheimer_patient5,1,0.9445712,0.96379375
Alzheimer_patient5,1,0.92182845,0.9820599
Alzheimer_patient5,1,0.9384321,0.94597137
Alzheimer_patient5,1,0.90256417,0.94734854
Alzheimer_patient5,1,0.87676734,0.8488832
Alzheimer_patient5,1,0.9583172,0.9780189
Alzheimer_patient5,1,0.96893996,0.9672854
Alzheimer_patient5,1,0.9733465,0.97204244
Alzheimer_patient5,1,0.929865,0.97820127
Alzheimer_patient5,1,0.94486564,0.96244216
Alzheimer_patient5,1,0.8718516,0.9530251
Alzheimer_patient5,1,0.9492885,0.9421383
Alzheimer_patient5,1,0.9133548,0.98150784
Alzheimer_patient5,1,0.94314855,0.97673124
Alzheimer_patient5,1,0.95184904,0.98008126
Alzheimer_patient5,1,0.93993664,0.9882225
Alzheimer_patient5,1,0.8957042,0.8824518
Alzheimer_patient5,1,0.91906,0.97080517
Alzheimer_patient5,1,0.94488037,0.9545192
Alzheimer_patient5,1,0.87842786,0.9859498
Alzheimer_patient5,1,0.9372025,0.9272119
Alzheimer_patient5,1,0.9497389,0.97339034
Alzheimer_patient5,1,0.95661813,0.9544567
Alzheimer_patient5,1,0.9471533,0.9604501
Alzheimer_patient5,1,0.92100936,0.9621538
Alzheimer_patient5,1,0.91712207,0.9441433
Alzheimer_patient5,1,0.952799,0.9588542
Alzheimer_patient5,1,0.95871884,0.9646187
Alzheimer_patient5,1,0.90797454,0.972321
Alzheimer_patient5,1,0.9547041,0.89027417
Alzheimer_patient5,1,0.9039281,0.97425634
Alzheimer_patient5,1,0.9341843,0.959295
Alzheimer_patient5,1,0.8791558,0.06738634
Alzheimer_patient5,1,0.94690025,0.88910645
Alzheimer_patient5,1,0.96317625,0.8943119
Alzheimer_patient5,1,0.946254,0.86571956
Alzheimer_patient5,1,0.9550433,0.95082897
Alzheimer_patient5,1,0.9766319,0.93380564
Alzheimer_patient5,1,0.94769585,0.7565788
Alzheimer_patient5,1,0.9607721,0.86883277
Alzheimer_patient5,1,0.9423545,0.80106574
Alzheimer_patient5,1,0.92351544,0.9356569
Alzheimer_patient5,1,0.91824925,0.91782093
Alzheimer_patient5,1,0.93656904,0.89619845
Alzheimer_patient5,1,0.9466618,0.94572467
Alzheimer_patient5,1,0.9682422,0.77997357
Alzheimer_patient5,1,0.9139386,0.94620776
Alzheimer_patient5,1,0.9472375,0.88858044
Alzheimer_patient5,1,0.90982425,0.9119219
Alzheimer_patient5,1,0.9562486,0.95165336
Alzheimer_patient5,1,0.9399701,0.78813463
Alzheimer_patient5,1,0.9679558,0.9739382
Alzheimer_patient5,1,0.95906836,0.9569694
Alzheimer_patient5,1,0.9345982,0.9595917
Alzheimer_patient5,1,0.906949,0.97881705
Alzheimer_patient5,1,0.93993723,0.95102674
Alzheimer_patient5,1,0.9447909,0.97101355
Alzheimer_patient5,1,0.9327488,0.9535905
Alzheimer_patient5,1,0.9389865,0.9640817
Alzheimer_patient5,1,0.9515061,0.92749476
Alzheimer_patient5,1,0.9644271,0.96920377
Alzheimer_patient5,1,0.96219045,0.97388107
Alzheimer_patient5,1,0.9157791,0.9633623
Alzheimer_patient5,1,0.934574,0.9669941
Alzheimer_patient5,1,0.9453085,0.9758263
Alzheimer_patient5,1,0.9664729,0.9675713
Alzheimer_patient5,1,0.9728829,0.9550188
Alzheimer_patient5,1,0.9275137,0.9835451
Alzheimer_patient5,1,0.96415216,0.984276
Alzheimer_patient5,1,0.9041877,0.94994545
Alzheimer_patient5,1,0.95260125,0.96926564
Alzheimer_patient5,1,0.94238794,0.95667815
Alzheimer_patient5,1,0.95595604,0.9663039
Alzheimer_patient5,1,0.9558854,0.91372347
Alzheimer_patient5,1,0.90516305,0.95756936
Alzheimer_patient59,1,0.7320223,0.8696104
Alzheimer_patient6,1,0.7603914,0.103541106
Alzheimer_patient6,1,0.8290055,0.6839189
Alzheimer_patient6,1,0.5991489,0.114271045
Alzheimer_patient6,1,0.7843825,0.048366833
Alzheimer_patient6,1,0.815189,0.06356699
Alzheimer_patient6,1,0.54225343,0.01746022
Alzheimer_patient6,1,0.82677126,0.8940472
Alzheimer_patient6,1,0.51628447,0.12456548
Alzheimer_patient6,1,0.6038518,0.049737744
Alzheimer_patient6,1,0.8245774,0.6607056
Alzheimer_patient6,1,0.7113091,0.2565685
Alzheimer_patient6,1,0.81808066,0.798146
Alzheimer_patient6,1,0.55939347,0.18609536
Alzheimer_patient6,1,0.6510907,0.03420008
Alzheimer_patient6,1,0.4756916,0.04619369
Alzheimer_patient6,1,0.85326385,0.5873562
Alzheimer_patient6,1,0.71956354,0.069853984
Alzheimer_patient6,1,0.7165931,0.04922302
Alzheimer_patient6,1,0.8428407,0.86998725
Alzheimer_patient6,1,0.6942043,0.5968452
Alzheimer_patient6,1,0.7726131,0.6491879
Alzheimer_patient6,1,0.76575977,0.7879224
Alzheimer_patient6,1,0.83990353,0.74887544
Alzheimer_patient6,1,0.71417135,0.2936426
Alzheimer_patient6,1,0.74399316,0.3977649
Alzheimer_patient6,1,0.70906514,0.26635298
Alzheimer_patient6,1,0.77270275,0.8268121
Alzheimer_patient6,1,0.7351611,0.04082788
Alzheimer_patient6,1,0.65119106,0.1932956
Alzheimer_patient6,1,0.4247086,0.006063437
Alzheimer_patient6,1,0.6042678,0.03406478
Alzheimer_patient6,1,0.68073666,0.120422795
Alzheimer_patient6,1,0.45206633,0.23538384
Alzheimer_patient6,1,0.40168977,0.003295697
Alzheimer_patient6,1,0.51583964,0.03245164
Alzheimer_patient6,1,0.5258978,0.010786899
Alzheimer_patient6,1,0.44680497,0.017781518
Alzheimer_patient6,1,0.851069,0.30787277
Alzheimer_patient6,1,0.7662309,0.26612526
Alzheimer_patient6,1,0.73620415,0.26737547
Alzheimer_patient6,1,0.59491134,0.022841224
Alzheimer_patient6,1,0.74992615,0.008140045
Alzheimer_patient6,1,0.7133462,0.07985475
Alzheimer_patient6,1,0.4678412,0.23659098
Alzheimer_patient6,1,0.6892376,0.68665475
Alzheimer_patient6,1,0.6147725,0.017867228
Alzheimer_patient6,1,0.21684757,0.009065459
Alzheimer_patient6,1,0.3710189,0.018093776
Alzheimer_patient6,1,0.43612963,0.008016964
Alzheimer_patient6,1,0.50172406,0.026008902
Alzheimer_patient6,1,0.74342483,0.03944847
Alzheimer_patient6,1,0.6253357,0.03943467
Alzheimer_patient6,1,0.77887934,0.045431852
Alzheimer_patient6,1,0.5751176,0.09184923
Alzheimer_patient6,1,0.60299647,0.20227106
Alzheimer_patient6,1,0.37073922,0.06620765
Alzheimer_patient6,1,0.6418787,0.10311635
Alzheimer_patient6,1,0.8105192,0.13005868
Alzheimer_patient6,1,0.35166135,0.053636648
Alzheimer_patient6,1,0.6844133,0.10251364
Alzheimer_patient6,1,0.38815248,0.082889564
Alzheimer_patient6,1,0.63923466,0.7197295
Alzheimer_patient6,1,0.75629693,0.7902791
Alzheimer_patient6,1,0.7339774,0.25175387
Alzheimer_patient6,1,0.55247444,0.023275107
Alzheimer_patient6,1,0.63042134,0.09602112
Alzheimer_patient6,1,0.7826979,0.17605115
Alzheimer_patient6,1,0.7510396,0.30020198
Alzheimer_patient6,1,0.6986647,0.06911819
Alzheimer_patient6,1,0.6215016,0.102966286
Alzheimer_patient6,1,0.6692621,0.30147785
Alzheimer_patient6,1,0.665504,0.7343007
Alzheimer_patient6,1,0.6833031,0.67824906
Alzheimer_patient6,1,0.7191928,0.39943865
Alzheimer_patient6,1,0.42896804,0.06310236
Alzheimer_patient6,1,0.29629633,0.017030438
Alzheimer_patient6,1,0.25727683,0.06938477
Alzheimer_patient6,1,0.44751593,0.12311812
Alzheimer_patient63,1,0.99603194,0.98476636
Alzheimer_patient64,1,0.9995194,0.9995317
Alzheimer_patient65,1,0.29739282,0.06665909
Alzheimer_patient71,1,0.6902153,0.6793164
Alzheimer_patient83,1,0.9839992,0.98601407
Alzheimer_patient9,1,0.8392314,0.93852276
Alzheimer_patient9,1,0.93963814,0.7716319
Alzheimer_patient9,1,0.8100301,0.9179501
Alzheimer_patient9,1,0.8952264,0.90712875
Alzheimer_patient9,1,0.8535299,0.8677312
Alzheimer_patient9,1,0.8391468,0.70461005
Alzheimer_patient9,1,0.8836114,0.916707
Alzheimer_patient9,1,0.8663828,0.72377753
Alzheimer_patient9,1,0.8936957,0.9403081
Alzheimer_patient9,1,0.8338076,0.8815439
Alzheimer_patient9,1,0.8540194,0.83238375
Alzheimer_patient9,1,0.9463745,0.91440916
Alzheimer_patient9,1,0.84656733,0.6869818
Alzheimer_patient9,1,0.83288014,0.7176504
Alzheimer_patient9,1,0.8456131,0.80649596
Alzheimer_patient9,1,0.773477,0.3169568
Alzheimer_patient9,1,0.94030553,0.80941033
Alzheimer_patient9,1,0.9195719,0.8225466
Alzheimer_patient9,1,0.78230214,0.55614555
Alzheimer_patient9,1,0.8418566,0.92795527
Alzheimer_patient9,1,0.827926,0.62265235
Alzheimer_patient9,1,0.82866085,0.77944845
Alzheimer_patient9,1,0.79356265,0.741952
Alzheimer_patient9,1,0.8744227,0.6111539
Alzheimer_patient9,1,0.8422501,0.4548992
Alzheimer_patient9,1,0.858661,0.83132786
Alzheimer_patient9,1,0.8510716,0.5912259
Alzheimer_patient9,1,0.81907296,0.5183476
Alzheimer_patient9,1,0.8424945,0.6060002
Alzheimer_patient9,1,0.874981,0.76027703
Alzheimer_patient9,1,0.90003514,0.34578922
Alzheimer_patient9,1,0.84751445,0.74661785
Alzheimer_patient9,1,0.8434113,0.61378706
Alzheimer_patient9,1,0.8895107,0.91698617
Alzheimer_patient9,1,0.87920225,0.78854233
Alzheimer_patient9,1,0.9198894,0.45710415
Alzheimer_patient9,1,0.9039704,0.8054316
Alzheimer_patient9,1,0.91703886,0.5080701
Alzheimer_patient9,1,0.878116,0.7264905
Alzheimer_patient9,1,0.7278962,0.660037
Alzheimer_patient9,1,0.7162417,0.22930135
Alzheimer_patient9,1,0.7162836,0.39159212
Alzheimer_patient9,1,0.86737037,0.7495233
Alzheimer_patient9,1,0.9171908,0.72871387
Alzheimer_patient9,1,0.84863186,0.66627246
Alzheimer_patient9,1,0.9072684,0.45863265
Alzheimer_patient9,1,0.7772393,0.720959
Alzheimer_patient9,1,0.83975244,0.86938125
Alzheimer_patient9,1,0.83269423,0.734121
Alzheimer_patient9,1,0.8137857,0.21477857
Alzheimer_patient9,1,0.9282337,0.88223344
Alzheimer_patient9,1,0.8921477,0.67876565
Alzheimer_patient9,1,0.91044164,0.5891351
Alzheimer_patient9,1,0.82782847,0.7329664
Alzheimer_patient9,1,0.8363377,0.09575435
Alzheimer_patient9,1,0.808658,0.13136353
Alzheimer_patient9,1,0.95182514,0.751189
Alzheimer_patient9,1,0.85265607,0.22705652
Alzheimer_patient9,1,0.9185094,0.60846406
Alzheimer_patient9,1,0.94772077,0.6690352
Alzheimer_patient9,1,0.89419436,0.6690993
Alzheimer_patient9,1,0.8391429,0.5734392
Alzheimer_patient9,1,0.85001355,0.47846296
Alzheimer_patient9,1,0.95234287,0.8092857
Alzheimer_patient9,1,0.77984345,0.53430456
Alzheimer_patient9,1,0.9010596,0.78779596
Alzheimer_patient9,1,0.9381013,0.8608433
Alzheimer_patient9,1,0.7775811,0.802101
Alzheimer_patient9,1,0.96111894,0.92373675
Alzheimer_patient9,1,0.89564,0.7400995
Healthy_patient10,0,0.7781029,0.002520755
Healthy_patient10,0,0.92663175,0.043824326
Healthy_patient10,0,0.58302325,0.0070062308
Healthy_patient10,0,0.62711966,0.004866182
Healthy_patient10,0,0.9014972,0.009270966
Healthy_patient10,0,0.87453574,0.082996994
Healthy_patient10,0,0.8134318,0.27864656
Healthy_patient10,0,0.8749445,0.0011747662
Healthy_patient10,0,0.6186878,0.014593594
Healthy_patient10,0,0.83183384,0.021446487
Healthy_patient10,0,0.5483975,0.010261034
Healthy_patient10,0,0.8270654,0.10667551
Healthy_patient10,0,0.80637777,0.004195674
Healthy_patient10,0,0.5989807,0.017041665
Healthy_patient10,0,0.75722057,0.022876069
Healthy_patient10,0,0.79762894,0.036833983
Healthy_patient10,0,0.7490519,0.0054185
Healthy_patient10,0,0.96078587,0.0017752567
Healthy_patient10,0,0.70963055,0.062121518
Healthy_patient10,0,0.7450694,0.004977369
Healthy_patient10,0,0.8150175,0.06345386
Healthy_patient10,0,0.80924445,0.22423463
Healthy_patient10,0,0.669897,0.07946252
Healthy_patient10,0,0.24695176,0.016645327
Healthy_patient10,0,0.22923915,0.0019059961
Healthy_patient10,0,0.7136478,0.015283525
Healthy_patient10,0,0.6403938,0.06912966
Healthy_patient10,0,0.41478652,0.013509887
Healthy_patient10,0,0.6285703,0.024192572
Healthy_patient10,0,0.93335885,0.06155272
Healthy_patient10,0,0.51492965,0.0019605209
Healthy_patient10,0,0.69427186,0.001421011
Healthy_patient10,0,0.9063302,0.030449685
Healthy_patient10,0,0.9514535,0.15132824
Healthy_patient10,0,0.9392041,0.09976975
Healthy_patient10,0,0.7015527,0.0020858466
Healthy_patient10,0,0.9669334,0.25608525
Healthy_patient10,0,0.17356718,0.004385856
Healthy_patient10,0,0.61079127,0.09122737
Healthy_patient10,0,0.6480229,0.004195345
Healthy_patient10,0,0.36647752,0.016490348
Healthy_patient10,0,0.8899225,0.0016225432
Healthy_patient10,0,0.18363786,0.0036562074
Healthy_patient10,0,0.47614828,0.005839194
Healthy_patient10,0,0.81747866,0.0041934154
Healthy_patient10,0,0.7236602,0.035440255
Healthy_patient10,0,0.31976545,0.0010496601
Healthy_patient10,0,0.70704514,0.008953568
Healthy_patient10,0,0.7701409,0.00032360488
Healthy_patient10,0,0.8215439,0.27884755
Healthy_patient10,0,0.16674995,0.026892042
Healthy_patient10,0,0.47083968,0.005099737
Healthy_patient10,0,0.6945583,0.08826012
Healthy_patient10,0,0.6800246,0.005678309
Healthy_patient10,0,0.80330753,0.026936319
Healthy_patient10,0,0.8144449,0.030132763
Healthy_patient10,0,0.9056671,0.039242454
Healthy_patient10,0,0.70717245,0.06254336
Healthy_patient10,0,0.7740881,0.004684016
Healthy_patient10,0,0.8797193,0.075999774
Healthy_patient10,0,0.66910595,0.0108220335
Healthy_patient10,0,0.29175732,0.0014454507
Healthy_patient10,0,0.6989019,0.0025788203
Healthy_patient10,0,0.7730614,0.023872439
Healthy_patient10,0,0.87598115,0.67087406
Healthy_patient10,0,0.8039014,0.016637944
Healthy_patient10,0,0.71372724,0.05409468
Healthy_patient10,0,0.89266115,0.027186804
Healthy_patient10,0,0.7511879,0.12308874
Healthy_patient10,0,0.91160816,0.014395237
Healthy_patient10,0,0.8722798,0.72957593
Healthy_patient10,0,0.7559242,0.02753989
Healthy_patient10,0,0.9284163,0.7542844
Healthy_patient10,0,0.89747524,0.79500955
Healthy_patient10,0,0.8491882,0.8158999
Healthy_patient10,0,0.89154804,0.7651395
Healthy_patient10,0,0.8206323,0.33391595
Healthy_patient10,0,0.93265456,0.8206314
Healthy_patient10,0,0.667802,0.14215873
Healthy_patient10,0,0.86253923,0.2737701
Healthy_patient10,0,0.8935426,0.7586445
Healthy_patient10,0,0.60223377,0.0517115
Healthy_patient10,0,0.6908827,0.009401796
Healthy_patient111,0,0.025415178,0.007199986
Healthy_patient111,0,0.008293534,2.633988e-05
Healthy_patient111,0,0.07319003,1.0391946e-06
Healthy_patient111,0,0.057540115,3.7424285e-05
Healthy_patient111,0,0.0035232946,0.00011173363
Healthy_patient111,0,0.012306672,4.6378937e-05
Healthy_patient111,0,0.018689943,2.3149609e-05
Healthy_patient111,0,0.033687457,3.068865e-06
Healthy_patient111,0,0.083120935,8.372365e-06
Healthy_patient111,0,0.090798125,1.7104721e-05
Healthy_patient111,0,0.029368563,5.5429837e-06
Healthy_patient111,0,0.016975489,3.527025e-05
Healthy_patient111,0,0.027292335,6.3667667e-06
Healthy_patient111,0,0.07808205,7.939454e-06
Healthy_patient111,0,0.043551177,5.2578307e-06
Healthy_patient111,0,0.056536186,2.1455502e-05
Healthy_patient111,0,0.09706397,1.5374975e-05
Healthy_patient111,0,0.09437479,3.853804e-06
Healthy_patient111,0,0.14298232,1.0336651e-05
Healthy_patient111,0,0.090569325,8.088191e-06
Healthy_patient111,0,0.040145174,1.2201702e-05
Healthy_patient111,0,0.01015775,4.5622355e-06
Healthy_patient111,0,0.09869748,6.671964e-07
Healthy_patient111,0,0.041777924,6.59454e-06
Healthy_patient111,0,0.07426084,1.3190605e-06
Healthy_patient111,0,0.034256157,2.7030935e-06
Healthy_patient111,0,0.039917108,3.282945e-05
Healthy_patient111,0,0.046864573,0.00014541112
Healthy_patient111,0,0.028499957,6.4267954e-07
Healthy_patient111,0,0.031594813,2.5083432e-06
Healthy_patient111,0,0.08808829,4.2574184e-06
Healthy_patient111,0,0.66970146,1.0575314e-06
Healthy_patient111,0,0.19235651,4.9763855e-07
Healthy_patient111,0,0.102547556,3.0357536e-05
Healthy_patient111,0,0.08963731,1.3757687e-05
Healthy_patient111,0,0.043196175,0.00012995576
Healthy_patient111,0,0.13775377,1.6029691e-05
Healthy_patient111,0,0.101088636,1.1196793e-05
Healthy_patient111,0,0.09290808,5.3603257e-05
Healthy_patient111,0,0.11944035,2.0261949e-05
Healthy_patient111,0,0.08049561,1.71294e-05
Healthy_patient111,0,0.08602438,1.1361732e-05
Healthy_patient111,0,0.000539206,1.4693161e-05
Healthy_patient111,0,0.08229813,2.792766e-06
Healthy_patient111,0,0.10085177,2.830056e-05
Healthy_patient111,0,0.10072393,1.27654075e-05
Healthy_patient111,0,0.09674201,2.9755232e-05
Healthy_patient111,0,0.080276325,5.1354327e-06
Healthy_patient111,0,0.08470305,5.1079564e-06
Healthy_patient111,0,0.06726687,8.386182e-06
Healthy_patient111,0,0.124269456,1.5300422e-05
Healthy_patient111,0,0.09670358,2.152018e-06
Healthy_patient111,0,0.12653291,6.8982813e-06
Healthy_patient111,0,0.13201478,1.1521517e-05
Healthy_patient111,0,0.12188702,2.0479994e-05
Healthy_patient111,0,0.11314571,2.3232333e-06
Healthy_patient111,0,0.08165568,1.1041448e-05
Healthy_patient111,0,0.13214168,4.4002474e-05
Healthy_patient111,0,0.0770516,8.5585e-06
Healthy_patient111,0,0.13248828,2.4625842e-05
Healthy_patient111,0,0.1156715,5.084951e-05
Healthy_patient111,0,0.088689916,1.0079955e-05
Healthy_patient111,0,0.0797808,6.962457e-06
Healthy_patient111,0,0.14347619,1.7987944e-05
Healthy_patient111,0,0.1949612,2.1102174e-05
Healthy_patient111,0,0.14251582,7.2573375e-06
Healthy_patient111,0,0.10674105,2.6548536e-05
Healthy_patient111,0,0.06522654,4.7829867e-06
Healthy_patient111,0,0.08708127,2.5381234e-05
Healthy_patient111,0,0.09834035,1.5615346e-05
Healthy_patient111,0,0.20385765,1.2134432e-06
Healthy_patient111,0,0.06983978,1.5201968e-05
Healthy_patient111,0,0.0986993,4.384795e-05
Healthy_patient111,0,0.095028706,5.2168402e-06
Healthy_patient111,0,0.07078018,1.5511527e-05
Healthy_patient111,0,0.09399493,1.13484875e-05
Healthy_patient111,0,0.070720784,3.22608e-06
Healthy_patient111,0,0.038625095,0.00012213345
Healthy_patient111,0,0.017806148,0.00011408868
Healthy_patient111,0,0.15658684,3.8116098e-06
Healthy_patient111,0,0.13184053,1.7648901e-05
Healthy_patient111,0,0.07830527,1.17566005e-05
Healthy_patient111,0,0.09612643,2.4687166e-05
Healthy_patient111,0,0.16017807,2.2001566e-05
Healthy_patient111,0,0.060270656,1.336925e-05
Healthy_patient111,0,0.09661325,3.926668e-05
Healthy_patient111,0,0.133629,2.5869902e-05
Healthy_patient111,0,0.09736963,1.1465901e-05
Healthy_patient111,0,0.090390734,1.3334843e-05
Healthy_patient111,0,0.0086772675,2.2875313e-06
Healthy_patient111,0,0.09222393,1.9350116e-05
Healthy_patient111,0,0.11404819,1.17778e-05
Healthy_patient111,0,0.11064015,2.2199112e-05
Healthy_patient111,0,0.11273802,3.1157454e-06
Healthy_patient111,0,0.1515982,4.2023803e-06
Healthy_patient111,0,0.10935148,5.9280694e-05
Healthy_patient111,0,0.09936611,4.6863803e-05
Healthy_patient111,0,0.09939564,2.5797456e-06
Healthy_patient111,0,0.06341006,4.0592017e-06
Healthy_patient111,0,0.07411369,8.633997e-06
Healthy_patient111,0,0.12113981,1.2481287e-05
Healthy_patient111,0,0.10598855,4.9695827e-06
Healthy_patient111,0,0.085252404,9.263146e-06
Healthy_patient111,0,0.0829364,5.9768963e-06
Healthy_patient111,0,0.11465446,6.795143e-06
Healthy_patient111,0,0.10902202,3.6757272e-05
Healthy_patient111,0,0.106330745,1.7283597e-05
Healthy_patient111,0,0.10684679,4.5779816e-06
Healthy_patient111,0,0.09374915,3.5280038e-05
Healthy_patient111,0,0.08020341,4.221134e-06
Healthy_patient111,0,0.18425466,8.528569e-07
Healthy_patient111,0,0.058976937,1.7425815e-05
Healthy_patient111,0,0.13646159,2.6895465e-05
Healthy_patient111,0,0.14214224,1.3095947e-05
Healthy_patient111,0,0.107316814,1.0861647e-05
Healthy_patient111,0,0.10687034,6.2520053e-06
Healthy_patient111,0,0.077931665,2.7763064e-05
Healthy_patient111,0,0.12830774,5.5907635e-06
Healthy_patient111,0,0.09718632,3.4699353e-06
Healthy_patient111,0,0.15991382,2.069767e-06
Healthy_patient111,0,0.04599299,1.5026554e-05
Healthy_patient111,0,0.10443982,2.907897e-06
Healthy_patient111,0,0.115049005,5.7909465e-06
Healthy_patient111,0,0.1305341,0.00077427004
Healthy_patient111,0,0.11729091,6.24893e-06
Healthy_patient111,0,0.16313331,1.52132525e-05
Healthy_patient111,0,0.2536571,8.540259e-05
Healthy_patient111,0,0.08660629,1.293316e-05
Healthy_patient111,0,0.16352296,4.976288e-06
Healthy_patient111,0,0.18269874,6.7658334e-07
Healthy_patient111,0,0.13101473,5.2772875e-06
Healthy_patient111,0,0.11736067,2.0196028e-05
Healthy_patient111,0,0.2528927,1.1277469e-06
Healthy_patient111,0,0.12350026,3.1865982e-06
Healthy_patient111,0,0.14787991,2.344143e-05
Healthy_patient111,0,0.19396126,5.4416074e-07
Healthy_patient111,0,0.22919966,1.591819e-06
Healthy_patient111,0,0.15963374,2.6033135e-06
Healthy_patient111,0,0.19476527,2.7761828e-06
Healthy_patient111,0,0.31230256,1.1007616e-06
Healthy_patient111,0,0.19040138,2.2998202e-06
Healthy_patient111,0,0.13178408,1.3111718e-05
Healthy_patient111,0,0.16545793,7.100392e-07
Healthy_patient111,0,0.13449267,3.3398444e-06
Healthy_patient111,0,0.24048823,2.65849e-06
Healthy_patient111,0,0.25976965,2.9121372e-06
Healthy_patient111,0,0.1370541,2.0928746e-06
Healthy_patient111,0,0.2347914,7.194127e-07
Healthy_patient111,0,0.14421628,5.558509e-06
Healthy_patient111,0,0.13299547,2.4276137e-06
Healthy_patient111,0,0.09404342,4.840603e-06
Healthy_patient111,0,0.27436757,1.3287151e-06
Healthy_patient111,0,0.38906595,9.188039e-07
Healthy_patient111,0,0.19994198,1.9380882e-06
Healthy_patient111,0,0.09278842,1.6769627e-06
Healthy_patient111,0,0.15812634,4.802265e-06
Healthy_patient111,0,0.1887385,4.3551595e-06
Healthy_patient111,0,0.3223852,1.0321138e-05
Healthy_patient111,0,0.16511117,3.523154e-06
Healthy_patient111,0,0.17999321,2.362257e-06
Healthy_patient111,0,0.2207675,8.789406e-07
Healthy_patient111,0,0.16564028,4.221952e-06
Healthy_patient111,0,0.17929174,3.6626686e-06
Healthy_patient111,0,0.44257388,9.666503e-07
Healthy_patient111,0,0.1416438,3.0338783e-06
Healthy_patient111,0,0.14370586,2.3467946e-06
Healthy_patient111,0,0.22741757,2.9359126e-06
Healthy_patient111,0,0.18304089,4.6334785e-06
Healthy_patient111,0,0.15486416,2.429425e-06
Healthy_patient111,0,0.19323516,2.512902e-06
Healthy_patient111,0,0.18527305,2.4611136e-06
Healthy_patient111,0,0.24881001,5.2097e-07
Healthy_patient111,0,0.12252802,1.2371684e-06
Healthy_patient111,0,0.08034352,6.594697e-06
Healthy_patient111,0,0.10624524,1.548116e-06
Healthy_patient111,0,0.14404093,1.9910826e-06
Healthy_patient111,0,0.18143465,9.120397e-06
Healthy_patient111,0,0.11544535,1.2789729e-05
Healthy_patient111,0,0.16544399,1.2605767e-05
Healthy_patient111,0,0.08569972,7.4073664e-06
Healthy_patient111,0,0.22097333,0.00012934675
Healthy_patient111,0,0.13494892,4.2054184e-05
Healthy_patient111,0,0.13717958,8.961892e-06
Healthy_patient111,0,0.13434094,1.7178263e-06
Healthy_patient111,0,0.1128765,2.4547023e-06
Healthy_patient111,0,0.0691193,3.1586176e-05
Healthy_patient111,0,0.09381453,5.7611534e-05
Healthy_patient111,0,0.07678324,4.4244944e-06
Healthy_patient111,0,0.12066118,1.4746932e-06
Healthy_patient111,0,0.07461569,0.00010344691
Healthy_patient111,0,0.0005550212,4.6612054e-06
Healthy_patient111,0,0.06004409,2.034404e-05
Healthy_patient111,0,0.113533705,1.5484908e-05
Healthy_patient111,0,0.08860952,5.27928e-05
Healthy_patient111,0,0.09732539,5.7931506e-05
Healthy_patient111,0,0.104524866,4.1770687e-05
Healthy_patient111,0,0.07996104,4.3220434e-06
Healthy_patient111,0,0.15880108,2.0770347e-05
Healthy_patient111,0,0.12209223,1.34060965e-05
Healthy_patient111,0,0.09594278,0.00014361645
Healthy_patient111,0,0.1265018,1.0085168e-05
Healthy_patient111,0,0.077928044,7.0474707e-06
Healthy_patient111,0,0.12508595,8.086695e-06
Healthy_patient111,0,0.08971363,2.0157948e-05
Healthy_patient111,0,0.07619982,7.962932e-06
Healthy_patient111,0,0.10157463,3.6698502e-06
Healthy_patient15,0,0.4219508,0.24908468
Healthy_patient15,0,0.2097174,0.27333724
Healthy_patient15,0,0.6825209,0.66023576
Healthy_patient15,0,0.7362401,0.25229394
Healthy_patient15,0,0.55407625,0.33494964
Healthy_patient15,0,0.49919444,0.2473921
Healthy_patient15,0,0.84066844,0.7703494
Healthy_patient15,0,0.605549,0.8867601
Healthy_patient15,0,0.6671685,0.2894465
Healthy_patient15,0,0.55743736,0.57501096
Healthy_patient15,0,0.693645,0.8753302
Healthy_patient15,0,0.557559,0.06862099
Healthy_patient15,0,0.6721188,0.2176332
Healthy_patient15,0,0.55563354,0.3346767
Healthy_patient15,0,0.5255217,0.14971432
Healthy_patient15,0,0.48474458,0.5222687
Healthy_patient15,0,0.59135413,0.27861786
Healthy_patient15,0,0.7784651,0.41600376
Healthy_patient15,0,0.8139082,0.9313311
Healthy_patient15,0,0.57693106,0.068840384
Healthy_patient15,0,0.6706611,0.047642734
Healthy_patient15,0,0.44621465,0.0719866
Healthy_patient15,0,0.16746555,0.015672259
Healthy_patient15,0,0.4734402,0.44947484
Healthy_patient15,0,0.63470244,0.20486242
Healthy_patient15,0,0.09255185,0.022524044
Healthy_patient15,0,0.358986,0.050941285
Healthy_patient15,0,0.60358137,0.09676916
Healthy_patient15,0,0.2013906,0.035129678
Healthy_patient15,0,0.40540168,0.17428172
Healthy_patient15,0,0.53348774,0.038167156
Healthy_patient15,0,0.6916298,0.005979533
Healthy_patient15,0,0.45087206,0.0061318944
Healthy_patient15,0,0.34021688,0.08437201
Healthy_patient15,0,0.59572786,0.39424822
Healthy_patient15,0,0.47149688,0.17837447
Healthy_patient15,0,0.49843645,0.43735552
Healthy_patient15,0,0.59412575,0.36490503
Healthy_patient15,0,0.46362507,0.52528036
Healthy_patient15,0,0.68456143,0.76258004
Healthy_patient15,0,0.37424323,0.6176811
Healthy_patient15,0,0.5017688,0.57806665
Healthy_patient15,0,0.50654817,0.053757146
Healthy_patient15,0,0.48812413,0.025959475
Healthy_patient15,0,0.652061,0.6899661
Healthy_patient15,0,0.74399084,0.39986366
Healthy_patient15,0,0.56700677,0.49926805
Healthy_patient15,0,0.8376798,0.8839921
Healthy_patient15,0,0.82168436,0.4909631
Healthy_patient15,0,0.4180031,0.5452052
Healthy_patient15,0,0.75324875,0.5445041
Healthy_patient15,0,0.4341659,0.42368335
Healthy_patient15,0,0.6496421,0.29499814
Healthy_patient15,0,0.5326377,0.47736388
Healthy_patient15,0,0.5754297,0.59562635
Healthy_patient15,0,0.7784993,0.5597813
Healthy_patient15,0,0.4747998,0.6277019
Healthy_patient15,0,0.8073956,0.8679197
Healthy_patient15,0,0.5782275,0.55632514
Healthy_patient15,0,0.79876876,0.8108904
Healthy_patient15,0,0.7254735,0.267689
Healthy_patient15,0,0.4817219,0.16189265
Healthy_patient15,0,0.5366162,0.14259186
Healthy_patient15,0,0.4597827,0.16382901
Healthy_patient15,0,0.6660479,0.76551443
Healthy_patient15,0,0.7033679,0.31240144
Healthy_patient15,0,0.71521723,0.7648784
Healthy_patient15,0,0.81186235,0.578605
Healthy_patient15,0,0.66633344,0.42829672
Healthy_patient15,0,0.51862985,0.08460105
Healthy_patient15,0,0.7688625,0.12620875
Healthy_patient15,0,0.72444624,0.28970584
Healthy_patient15,0,0.6966794,0.38549614
Healthy_patient15,0,0.7876271,0.48597574
Healthy_patient15,0,0.46587098,0.084174454
Healthy_patient15,0,0.5310084,0.19193916
Healthy_patient15,0,0.5715861,0.2548093
Healthy_patient15,0,0.63069385,0.34919453
Healthy_patient15,0,0.7356017,0.27684656
Healthy_patient15,0,0.7644506,0.78704447
Healthy_patient15,0,0.53830934,0.13855313
Healthy_patient15,0,0.81509227,0.24946035
Healthy_patient15,0,0.8520723,0.26639044
Healthy_patient20,0,0.9317891,0.073700964
Healthy_patient20,0,0.86582214,0.020573055
Healthy_patient20,0,0.9728111,0.27981484
Healthy_patient20,0,0.49789107,0.25784945
Healthy_patient20,0,0.89626354,0.6443738
Healthy_patient20,0,0.97814316,0.6397645
Healthy_patient20,0,0.22954169,0.2923381
Healthy_patient20,0,0.21232629,0.22035894
Healthy_patient20,0,0.31929576,0.013997037
Healthy_patient20,0,0.332232,0.1753078
Healthy_patient20,0,0.37803194,0.25733498
Healthy_patient20,0,0.5639229,0.28649792
Healthy_patient20,0,0.27650577,0.25092638
Healthy_patient20,0,0.27767238,0.068574525
Healthy_patient20,0,0.35708296,0.13453668
Healthy_patient20,0,0.11094053,0.02794519
Healthy_patient20,0,0.18262541,0.010440713
Healthy_patient20,0,0.033379983,0.034343686
Healthy_patient20,0,0.091025665,0.017956149
Healthy_patient20,0,0.34034196,0.15419407
Healthy_patient20,0,0.1339966,0.11900923
Healthy_patient20,0,0.064703554,0.049840502
Healthy_patient20,0,0.25957927,0.057963535
Healthy_patient20,0,0.09806591,0.12886909
Healthy_patient20,0,0.2729587,0.4935523
Healthy_patient20,0,0.0954716,0.089178115
Healthy_patient20,0,0.20665851,0.042165235
Healthy_patient20,0,0.44303086,0.3121663
Healthy_patient20,0,0.9072642,0.49531358
Healthy_patient20,0,0.5905407,0.24145368
Healthy_patient20,0,0.98735,0.092759684
Healthy_patient20,0,0.9598752,0.27770582
Healthy_patient20,0,0.5567546,0.039549086
Healthy_patient20,0,0.95472157,0.16072062
Healthy_patient20,0,0.9999018,0.06086116
Healthy_patient20,0,0.9569945,0.15513062
Healthy_patient20,0,0.7683196,0.8939782
Healthy_patient20,0,0.85139763,0.8814659
Healthy_patient20,0,0.6190286,0.8535268
Healthy_patient20,0,0.29150143,0.0072016157
Healthy_patient20,0,0.42718157,0.32601625
Healthy_patient20,0,0.48388785,0.7173039
Healthy_patient20,0,0.27554703,0.3903131
Healthy_patient20,0,0.39514375,0.5561313
Healthy_patient20,0,0.43736026,0.04476415
Healthy_patient20,0,0.12644373,0.51187545
Healthy_patient20,0,0.1399417,0.2261577
Healthy_patient20,0,0.1999045,0.056010988
Healthy_patient20,0,0.2870372,0.13539642
Healthy_patient20,0,0.14763997,0.023397231
Healthy_patient20,0,0.3405434,0.57520014
Healthy_patient20,0,0.21735366,0.7391211
Healthy_patient20,0,0.40780655,0.7168025
Healthy_patient20,0,0.33678386,0.7482762
Healthy_patient20,0,0.30532014,0.22338861
Healthy_patient20,0,0.58528334,0.6669807
Healthy_patient20,0,0.678336,0.76956916
Healthy_patient20,0,0.4838895,0.4181791
Healthy_patient20,0,0.24495152,0.10636866
Healthy_patient20,0,0.486919,0.20949942
Healthy_patient20,0,0.3594353,0.014776971
Healthy_patient20,0,0.38751656,0.124970466
Healthy_patient20,0,0.20858026,0.062201962
Healthy_patient20,0,0.7641233,0.8685148
Healthy_patient20,0,0.6808677,0.57212603
Healthy_patient20,0,0.18300864,0.267379
Healthy_patient20,0,0.53948265,0.88135386
Healthy_patient20,0,0.6436195,0.78008837
Healthy_patient20,0,0.42575282,0.11138067
Healthy_patient20,0,0.5046766,0.21615283
Healthy_patient20,0,0.35806638,0.2568652
Healthy_patient20,0,0.28027305,0.1020083
Healthy_patient23,0,0.7572963,0.9427936
Healthy_patient23,0,0.8056573,0.41421807
Healthy_patient23,0,0.76022017,0.7790848
Healthy_patient23,0,0.8328102,0.9464841
Healthy_patient23,0,0.7931791,0.78508854
Healthy_patient23,0,0.8840718,0.90015495
Healthy_patient23,0,0.8007577,0.56888443
Healthy_patient23,0,0.83380264,0.8723678
Healthy_patient23,0,0.8067658,0.90959996
Healthy_patient23,0,0.87267196,0.7714979
Healthy_patient23,0,0.7733573,0.83924496
Healthy_patient23,0,0.83182997,0.81773955
Healthy_patient23,0,0.8237563,0.9280876
Healthy_patient23,0,0.812266,0.915727
Healthy_patient23,0,0.827768,0.65483546
Healthy_patient23,0,0.81811273,0.80829775
Healthy_patient23,0,0.7445493,0.8229991
Healthy_patient23,0,0.85481274,0.705902
Healthy_patient23,0,0.75838435,0.7581689
Healthy_patient23,0,0.8125815,0.9129547
Healthy_patient23,0,0.83745384,0.89968663
Healthy_patient23,0,0.784954,0.7932657
Healthy_patient23,0,0.8277526,0.6259496
Healthy_patient23,0,0.8002326,0.8077496
Healthy_patient23,0,0.8335925,0.91614425
Healthy_patient23,0,0.8439481,0.86779803
Healthy_patient23,0,0.8460197,0.89597076
Healthy_patient23,0,0.79912233,0.8662847
Healthy_patient23,0,0.7716698,0.8122311
Healthy_patient23,0,0.83734363,0.801309
Healthy_patient23,0,0.8225532,0.8499706
Healthy_patient23,0,0.78969437,0.68105984
Healthy_patient23,0,0.8390793,0.79125106
Healthy_patient23,0,0.7940668,0.68782204
Healthy_patient23,0,0.8026671,0.8954603
Healthy_patient23,0,0.782286,0.8958219
Healthy_patient23,0,0.798683,0.61063373
Healthy_patient23,0,0.78445184,0.58134764
Healthy_patient23,0,0.83218485,0.78036565
Healthy_patient23,0,0.82148296,0.82565624
Healthy_patient23,0,0.74730945,0.7221417
Healthy_patient23,0,0.80531317,0.8253855
Healthy_patient23,0,0.80410326,0.9423534
Healthy_patient23,0,0.82075953,0.73177475
Healthy_patient23,0,0.7942374,0.93563694
Healthy_patient23,0,0.82501554,0.8038982
Healthy_patient23,0,0.80034286,0.8244186
Healthy_patient23,0,0.7871966,0.6983916
Healthy_patient23,0,0.90083975,0.8784536
Healthy_patient23,0,0.87273204,0.9119574
Healthy_patient23,0,0.8074613,0.8912529
Healthy_patient23,0,0.8390619,0.89233285
Healthy_patient23,0,0.83417505,0.85017604
Healthy_patient23,0,0.78685075,0.81462896
Healthy_patient23,0,0.8053514,0.9321672
Healthy_patient23,0,0.83669716,0.94003785
Healthy_patient23,0,0.83420086,0.91080564
Healthy_patient23,0,0.7455264,0.9627075
Healthy_patient23,0,0.7885694,0.8068074
Healthy_patient23,0,0.8537252,0.8586912
Healthy_patient23,0,0.8153018,0.877197
Healthy_patient23,0,0.72994065,0.8299752
Healthy_patient23,0,0.73899794,0.91136056
Healthy_patient23,0,0.81815815,0.7908015
Healthy_patient23,0,0.8180003,0.8715656
Healthy_patient23,0,0.7420295,0.83599275
Healthy_patient23,0,0.85336876,0.9437286
Healthy_patient23,0,0.8095168,0.94291216
Healthy_patient23,0,0.82619286,0.86758393
Healthy_patient23,0,0.7983047,0.9143634
Healthy_patient23,0,0.7524078,0.78985626
Healthy_patient23,0,0.8067996,0.81881994
Healthy_patient23,0,0.7462826,0.9643374
Healthy_patient23,0,0.7816198,0.8048907
Healthy_patient23,0,0.82244813,0.91824585
Healthy_patient23,0,0.8195774,0.91395193
Healthy_patient23,0,0.7964887,0.9125949
Healthy_patient23,0,0.8169949,0.94560164
Healthy_patient23,0,0.7834513,0.92377853
Healthy_patient23,0,0.80631924,0.9465036
Healthy_patient23,0,0.8212307,0.8743866
Healthy_patient23,0,0.8714419,0.928949
Healthy_patient23,0,0.81843823,0.6881299
Healthy_patient23,0,0.77942234,0.8481203
Healthy_patient23,0,0.8159114,0.87919205
Healthy_patient23,0,0.7730828,0.9322678
Healthy_patient23,0,0.75542843,0.7054828
Healthy_patient23,0,0.7737349,0.647657
Healthy_patient23,0,0.7800746,0.90525633
Healthy_patient23,0,0.81766427,0.8529977
Healthy_patient23,0,0.84999716,0.9005414
Healthy_patient23,0,0.87251514,0.9192773
Healthy_patient23,0,0.8670673,0.9212448
Healthy_patient23,0,0.84339654,0.9300102
Healthy_patient23,0,0.75791293,0.9432156
Healthy_patient28,0,0.026844602,0.004192753
Healthy_patient28,0,0.00026803423,0.00012922431
Healthy_patient28,0,0.0017204739,2.3623406e-05
Healthy_patient28,0,0.0029531838,0.0006939097
Healthy_patient28,0,0.0011697697,3.6733094e-05
Healthy_patient28,0,0.00025563303,1.2041713e-05
Healthy_patient28,0,0.0029538213,3.5293968e-05
Healthy_patient28,0,0.000806241,0.00018467444
Healthy_patient28,0,0.02719224,0.005963708
Healthy_patient28,0,0.00054700376,2.5493038e-05
Healthy_patient28,0,5.5969824e-05,3.8258215e-05
Healthy_patient28,0,0.006930499,0.0008573114
Healthy_patient28,0,0.0018798728,6.9109046e-05
Healthy_patient28,0,0.00018711906,1.5353698e-05
Healthy_patient28,0,0.004205769,0.00014672481
Healthy_patient28,0,0.00012829552,1.5628311e-05
Healthy_patient28,0,0.00016473021,9.259006e-07
Healthy_patient28,0,0.0006276375,9.6028025e-06
Healthy_patient28,0,2.3870386e-06,3.3630363e-06
Healthy_patient28,0,0.000627449,9.83013e-05
Healthy_patient28,0,4.3544427e-05,7.5326293e-06
Healthy_patient28,0,9.4769464e-05,0.00015645288
Healthy_patient28,0,2.72942e-05,7.744614e-06
Healthy_patient28,0,3.794769e-05,0.0001309831
Healthy_patient28,0,0.002641884,0.0007679851
Healthy_patient28,0,0.016081886,0.0013687172
Healthy_patient28,0,4.8653852e-05,2.6004677e-06
Healthy_patient28,0,0.0015081299,0.00034284094
Healthy_patient28,0,0.0027686425,0.0002704624
Healthy_patient28,0,0.00045745968,2.5886957e-05
Healthy_patient28,0,0.0036939092,0.00081837754
Healthy_patient28,0,0.0003833161,9.4103365e-05
Healthy_patient28,0,0.00059656537,0.00012440019
Healthy_patient28,0,6.7185916e-05,4.994214e-05
Healthy_patient28,0,0.0033312629,0.0003063718
Healthy_patient28,0,0.013765515,0.00015204868
Healthy_patient28,0,0.008321492,0.0003800213
Healthy_patient28,0,0.010086571,0.00035278147
Healthy_patient28,0,0.043791343,0.0026991789
Healthy_patient28,0,0.029685058,0.00019185686
Healthy_patient28,0,0.025000373,0.0009252143
Healthy_patient28,0,0.005441235,0.00014633205
Healthy_patient28,0,0.0028624448,0.0006796983
Healthy_patient28,0,0.0034827308,0.00020556943
Healthy_patient28,0,0.01857744,0.0004172444
Healthy_patient28,0,6.458125e-05,1.0465468e-05
Healthy_patient28,0,0.00039122324,0.0006833905
Healthy_patient28,0,0.002023665,1.7232522e-05
Healthy_patient28,0,0.024084877,0.00019310153
Healthy_patient28,0,4.996315e-05,9.358111e-05
Healthy_patient28,0,0.00060143287,0.00052616815
Healthy_patient28,0,0.00088465004,2.7808086e-05
Healthy_patient28,0,0.074772246,0.011828938
Healthy_patient28,0,0.13451755,0.011676146
Healthy_patient28,0,0.0018856486,4.2614858e-05
Healthy_patient28,0,0.0005541656,2.4809184e-05
Healthy_patient28,0,0.0054047154,0.0010563339
Healthy_patient28,0,1.5984886e-05,3.061198e-06
Healthy_patient28,0,0.00027595024,0.008941564
Healthy_patient28,0,0.0020791194,0.00027138766
Healthy_patient28,0,0.011663971,0.010271377
Healthy_patient28,0,0.047028963,0.0100604845
Healthy_patient28,0,0.09840529,0.01835936
Healthy_patient28,0,0.14041473,0.051206265
Healthy_patient28,0,0.010693856,0.00054516055
Healthy_patient28,0,0.47471923,0.006555636
Healthy_patient28,0,0.04827253,0.022075254
Healthy_patient28,0,0.00070884463,0.00025428217
Healthy_patient28,0,0.0043594693,6.517884e-05
Healthy_patient28,0,0.00021218274,5.2656636e-05
Healthy_patient28,0,0.0154064065,0.000695519
Healthy_patient28,0,0.12980275,0.022171276
Healthy_patient28,0,0.08150599,0.013017805
Healthy_patient28,0,0.006945529,0.0012030866
Healthy_patient28,0,0.008226072,0.0030454376
Healthy_patient28,0,0.0009809092,0.00013954371
Healthy_patient28,0,0.0005836834,2.3297753e-05
Healthy_patient28,0,0.0068298657,0.0003662144
Healthy_patient28,0,0.032289088,0.00576515
Healthy_patient28,0,0.000744763,0.0006179435
Healthy_patient28,0,0.0005470908,4.972245e-05
Healthy_patient28,0,0.015264188,0.0026072254
Healthy_patient28,0,0.00030764742,3.9397848e-05
Healthy_patient28,0,0.0010635605,8.110804e-05
Healthy_patient28,0,0.005256614,0.00013067498
Healthy_patient28,0,0.02058828,0.0051669977
Healthy_patient28,0,0.046284158,0.0006551693
Healthy_patient28,0,0.06368656,0.0011048553
Healthy_patient28,0,0.0019323969,0.0008086613
Healthy_patient28,0,0.004091737,0.0017343668
Healthy_patient28,0,0.00093214563,0.00010854237
Healthy_patient28,0,0.00027916435,1.8702884e-05
Healthy_patient28,0,0.00011791044,0.000107916145
Healthy_patient31,0,0.31865245,1.6602707e-08
Healthy_patient40,0,8.644678e-05,2.1205663e-06
Healthy_patient41,0,0.061688732,0.00072274497
Healthy_patient46,0,0.0005392864,3.0061608e-06
Healthy_patient46,0,0.0021694906,9.329515e-06
Healthy_patient46,0,0.0013855721,3.3131932e-06
Healthy_patient46,0,0.0005370092,3.980098e-06
Healthy_patient46,0,0.0010636831,7.425621e-06
Healthy_patient46,0,0.002392167,2.906118e-05
Healthy_patient46,0,0.0028409914,2.0344623e-05
Healthy_patient46,0,0.0018846485,4.3599688e-05
Healthy_patient46,0,0.006021185,0.00010089117
Healthy_patient46,0,0.001083132,8.127316e-06
Healthy_patient46,0,0.0005284116,4.95077e-06
Healthy_patient46,0,0.0020058453,2.4193278e-05
Healthy_patient46,0,0.0006098999,6.3345037e-06
Healthy_patient46,0,0.00031547114,3.5436954e-06
Healthy_patient46,0,0.00081569003,0.00012518009
Healthy_patient46,0,0.00034120932,1.7792614e-05
Healthy_patient46,0,0.00013574585,5.4460884e-06
Healthy_patient46,0,0.0005397191,9.162069e-06
Healthy_patient46,0,0.000810969,4.4493085e-05
Healthy_patient46,0,0.0036170252,8.4459425e-06
Healthy_patient46,0,0.015565912,6.831627e-05
Healthy_patient46,0,0.0033112797,2.3242383e-05
Healthy_patient46,0,0.0029759968,7.5022094e-06
Healthy_patient46,0,0.0050180415,1.1619302e-05
Healthy_patient46,0,0.0020111306,6.521094e-06
Healthy_patient46,0,0.001532361,1.0236182e-05
Healthy_patient46,0,0.03470084,3.8718586e-05
Healthy_patient46,0,0.0046110274,3.9410097e-05
Healthy_patient46,0,0.004058719,2.4414363e-05
Healthy_patient46,0,0.0016694777,1.1653402e-05
Healthy_patient46,0,0.00459327,1.1777822e-05
Healthy_patient46,0,0.0034473797,2.0084917e-05
Healthy_patient46,0,0.008755519,2.0025014e-05
Healthy_patient46,0,0.0033396897,4.3154883e-05
Healthy_patient46,0,0.00066464354,1.1458062e-05
Healthy_patient46,0,0.0072021745,2.2268445e-05
Healthy_patient46,0,0.0049571423,1.6877513e-05
Healthy_patient46,0,0.008751232,4.7631373e-05
Healthy_patient46,0,0.006388557,2.473951e-05
Healthy_patient46,0,0.0027298236,0.00017649385
Healthy_patient46,0,0.008361595,7.91933e-05
Healthy_patient46,0,0.0012723529,1.5495974e-05
Healthy_patient46,0,0.0032106445,3.5401496e-05
Healthy_patient46,0,0.009500774,1.6060292e-05
Healthy_patient46,0,0.0005318666,1.802538e-05
Healthy_patient46,0,0.002042557,1.1986852e-05
Healthy_patient46,0,0.0035764894,1.4506217e-05
Healthy_patient46,0,0.0018488206,4.766539e-06
Healthy_patient46,0,0.0012487479,1.1123451e-05
Healthy_patient46,0,0.009648349,1.5960864e-05
Healthy_patient46,0,0.002793381,1.7549422e-05
Healthy_patient46,0,0.0089167785,3.171618e-05
Healthy_patient46,0,0.0017149862,1.4364971e-05
Healthy_patient46,0,0.0006904838,2.492638e-06
Healthy_patient46,0,0.009655604,3.993819e-05
Healthy_patient46,0,0.0042414768,7.241878e-06
Healthy_patient46,0,0.0024413606,1.778345e-05
Healthy_patient46,0,0.0025981655,2.0034759e-05
Healthy_patient46,0,0.002588892,5.4455486e-06
Healthy_patient46,0,0.0020095855,1.0297092e-05
Healthy_patient46,0,0.001656448,3.7989555e-06
Healthy_patient46,0,0.00078546227,2.0377714e-05
Healthy_patient46,0,0.0016223385,1.4476532e-05
Healthy_patient46,0,0.019324318,0.00020276799
Healthy_patient46,0,0.0017849259,8.757557e-06
Healthy_patient46,0,0.0061859344,4.0340485e-05
Healthy_patient46,0,0.015940517,3.9294657e-05
Healthy_patient46,0,0.0027155373,2.0042955e-05
Healthy_patient46,0,0.002875769,1.1296366e-05
Healthy_patient46,0,0.0043646875,2.6809652e-05
Healthy_patient46,0,0.012640292,1.1182834e-05
Healthy_patient46,0,0.012238384,3.0662108e-05
Healthy_patient46,0,0.015421852,2.1025398e-05
Healthy_patient46,0,0.0027248594,5.459374e-06
Healthy_patient46,0,0.0048140767,2.735148e-05
Healthy_patient46,0,0.0030006683,7.1350523e-06
Healthy_patient46,0,0.002017796,5.5794826e-06
Healthy_patient46,0,0.0036626607,2.1266724e-05
Healthy_patient46,0,0.0037021032,7.14695e-06
Healthy_patient46,0,0.002193799,8.987569e-06
Healthy_patient46,0,0.0034860454,1.7162527e-05
Healthy_patient46,0,0.0004319889,4.672452e-06
Healthy_patient46,0,0.004274689,3.5272856e-06
Healthy_patient46,0,0.0030630203,8.914999e-06
Healthy_patient46,0,0.0019987654,1.0173828e-05
Healthy_patient46,0,0.0021158298,3.1888721e-06
Healthy_patient46,0,0.08440896,0.00010935376
Healthy_patient46,0,0.05925436,2.0309793e-05
Healthy_patient46,0,0.05888879,3.7398382e-05
Healthy_patient46,0,0.0269847,6.430998e-05
Healthy_patient46,0,0.030171473,2.0758702e-05
Healthy_patient46,0,0.015198352,2.6698057e-05
Healthy_patient46,0,0.07415595,7.913147e-05
Healthy_patient46,0,0.102536246,7.895012e-05
Healthy_patient46,0,0.027195381,1.6411477e-05
Healthy_patient46,0,0.07810806,3.515091e-05
Healthy_patient46,0,0.0077082785,2.2780803e-05
Healthy_patient48,0,0.035929546,0.011238103
Healthy_patient48,0,0.0540391,3.9089995e-05
Healthy_patient48,0,0.099505246,3.5454243e-05
Healthy_patient48,0,0.03765788,9.078294e-06
Healthy_patient48,0,0.05103051,1.2078632e-05
Healthy_patient48,0,0.032766286,1.2359924e-05
Healthy_patient48,0,0.1081734,1.3631553e-05
Healthy_patient48,0,0.025414087,2.6450662e-05
Healthy_patient48,0,0.08868872,4.0763476e-05
Healthy_patient48,0,0.22220089,8.657608e-06
Healthy_patient48,0,0.015779791,1.682939e-05
Healthy_patient48,0,0.024378693,7.168671e-06
Healthy_patient48,0,0.012336709,5.2554906e-06
Healthy_patient48,0,0.08783953,1.0670211e-05
Healthy_patient48,0,0.06843151,1.5885911e-05
Healthy_patient48,0,0.031756558,2.3543857e-05
Healthy_patient48,0,0.07012533,4.7156722e-05
Healthy_patient48,0,0.10784503,9.070783e-06
Healthy_patient48,0,0.029484939,1.2602304e-05
Healthy_patient48,0,0.08191132,4.833849e-06
Healthy_patient48,0,0.1563523,1.9111192e-05
Healthy_patient48,0,0.09576656,3.387296e-05
Healthy_patient48,0,0.19203915,4.381843e-06
Healthy_patient48,0,0.28009683,9.992085e-06
Healthy_patient48,0,0.07227408,7.845506e-06
Healthy_patient48,0,0.080153935,7.016167e-06
Healthy_patient48,0,0.04170344,3.9028923e-06
Healthy_patient48,0,0.10599695,1.3936326e-05
Healthy_patient48,0,0.035953112,1.6112159e-05
Healthy_patient48,0,0.12304484,8.145985e-06
Healthy_patient48,0,0.025590893,5.010958e-06
Healthy_patient48,0,0.10472713,9.208952e-06
Healthy_patient48,0,0.03030803,2.4222132e-05
Healthy_patient48,0,0.0789657,4.845041e-05
Healthy_patient48,0,0.07095918,6.8598633e-06
Healthy_patient48,0,0.041971255,2.9910481e-05
Healthy_patient48,0,0.110322036,3.0424311e-05
Healthy_patient48,0,0.0757844,2.719192e-05
Healthy_patient48,0,0.106809966,1.1329229e-05
Healthy_patient48,0,0.074048184,3.973892e-05
Healthy_patient48,0,0.04262194,3.1898904e-05
Healthy_patient48,0,0.052832507,2.9352127e-06
Healthy_patient48,0,0.03559934,1.2001151e-05
Healthy_patient48,0,0.018758347,1.0527473e-05
Healthy_patient48,0,0.053948905,2.5287854e-05
Healthy_patient48,0,0.04227649,5.802057e-05
Healthy_patient48,0,0.058372542,4.2001164e-05
Healthy_patient48,0,0.06144662,7.000463e-05
Healthy_patient48,0,0.16074085,3.2507534e-05
Healthy_patient48,0,0.13909678,6.439657e-05
Healthy_patient48,0,0.06806961,7.186629e-05
Healthy_patient48,0,0.100468695,1.9596082e-05
Healthy_patient48,0,0.13682538,2.190194e-05
Healthy_patient48,0,0.139552,4.446526e-05
Healthy_patient48,0,0.23566508,3.4528726e-05
Healthy_patient48,0,0.14707302,2.0648611e-05
Healthy_patient48,0,0.048026063,4.5818347e-06
Healthy_patient48,0,0.077144414,2.5101956e-05
Healthy_patient48,0,0.07426139,4.598644e-05
Healthy_patient48,0,0.095400065,4.3253523e-05
Healthy_patient48,0,0.07511831,1.8691077e-05
Healthy_patient48,0,0.06012685,1.5513555e-05
Healthy_patient48,0,0.09345079,1.293125e-05
Healthy_patient48,0,0.13302562,9.680001e-06
Healthy_patient48,0,0.045707885,3.186686e-05
Healthy_patient48,0,0.0601641,3.322237e-05
Healthy_patient48,0,0.030276017,4.3003576e-05
Healthy_patient48,0,0.047837693,1.8955781e-05
Healthy_patient48,0,0.04595068,1.9058645e-05
Healthy_patient48,0,0.062211554,5.033555e-05
Healthy_patient48,0,0.060140837,1.101527e-05
Healthy_patient48,0,0.05249189,1.5964428e-05
Healthy_patient48,0,0.1382844,5.1143154e-05
Healthy_patient48,0,0.09969106,3.1930314e-05
Healthy_patient48,0,0.104812324,2.6292671e-05
Healthy_patient48,0,0.12110961,1.8598941e-05
Healthy_patient48,0,0.05111303,1.4259765e-05
Healthy_patient48,0,0.103569925,3.2883938e-05
Healthy_patient48,0,0.09155191,1.1346442e-05
Healthy_patient48,0,0.0316831,1.6587404e-05
Healthy_patient48,0,0.059532553,3.9225497e-06
Healthy_patient48,0,0.04745639,1.2021232e-05
Healthy_patient48,0,0.057298906,1.5579559e-05
Healthy_patient48,0,0.08226544,2.3936107e-05
Healthy_patient48,0,0.14175583,5.9735466e-06
Healthy_patient48,0,0.10510086,7.801354e-06
Healthy_patient48,0,0.039416112,8.590016e-06
Healthy_patient48,0,0.14989655,2.3649896e-05
Healthy_patient48,0,0.039417986,7.622684e-06
Healthy_patient48,0,0.21071027,6.7439155e-06
Healthy_patient48,0,0.11806197,2.2348397e-05
Healthy_patient48,0,0.086694464,7.721531e-06
Healthy_patient48,0,0.022350447,7.1750733e-06
Healthy_patient48,0,0.20107867,7.2697094e-06
Healthy_patient48,0,0.1555465,1.6316564e-05
Healthy_patient48,0,0.09615628,2.037169e-05
Healthy_patient48,0,0.13297358,1.5846113e-05
Healthy_patient48,0,0.17327273,1.2121049e-05
Healthy_patient48,0,0.11461548,1.3658736e-05
Healthy_patient48,0,0.38077766,6.960253e-06
Healthy_patient48,0,0.011023035,6.825071e-06
Healthy_patient48,0,0.10722957,5.017791e-06
Healthy_patient48,0,0.13195829,4.80528e-06
Healthy_patient48,0,0.19472662,5.8853334e-06
Healthy_patient48,0,0.15195264,9.995926e-06
Healthy_patient48,0,0.12153931,1.660797e-05
Healthy_patient48,0,0.07746932,8.278985e-06
Healthy_patient48,0,0.33578724,2.979764e-06
Healthy_patient48,0,0.14331162,3.5042785e-06
Healthy_patient48,0,0.12566419,3.3003224e-05
Healthy_patient48,0,0.16874188,2.7557346e-05
Healthy_patient48,0,0.13116024,9.317867e-06
Healthy_patient48,0,0.23067138,5.6493873e-06
Healthy_patient48,0,0.060240652,1.5869193e-05
Healthy_patient48,0,0.11457855,1.8908006e-05
Healthy_patient48,0,0.104492575,1.1774497e-05
Healthy_patient48,0,0.38574252,3.802144e-05
Healthy_patient48,0,0.32827222,2.673205e-06
Healthy_patient48,0,0.203389,2.0781044e-05
Healthy_patient48,0,0.13867122,2.0155753e-06
Healthy_patient48,0,0.095069595,7.537429e-06
Healthy_patient48,0,0.086719275,3.0614783e-06
Healthy_patient48,0,0.12416555,2.5196737e-06
Healthy_patient48,0,0.4254901,1.7826153e-05
Healthy_patient48,0,0.361031,9.66481e-06
Healthy_patient48,0,0.3820883,4.8572692e-06
Healthy_patient48,0,0.14382511,3.756978e-06
Healthy_patient48,0,0.35242987,3.4485581e-06
Healthy_patient48,0,0.067577675,1.1843736e-05
Healthy_patient48,0,0.06226219,2.596604e-06
Healthy_patient48,0,0.4736982,1.6225059e-06
Healthy_patient48,0,0.11550158,1.9155211e-06
Healthy_patient48,0,0.11583834,2.6756945e-06
Healthy_patient48,0,0.11039956,1.008209e-05
Healthy_patient48,0,0.11818187,1.6655169e-05
Healthy_patient48,0,0.19255611,1.8230236e-05
Healthy_patient48,0,0.06866562,2.6668595e-06
Healthy_patient48,0,0.121251054,1.4520003e-05
Healthy_patient48,0,0.115004696,1.9230923e-05
Healthy_patient48,0,0.33859247,8.625593e-06
Healthy_patient48,0,0.045698497,2.0350972e-05
Healthy_patient48,0,0.0054899594,1.8294899e-06
Healthy_patient48,0,0.04777568,1.9209312e-05
Healthy_patient48,0,0.03845244,1.8829393e-05
Healthy_patient48,0,0.08988351,3.6439113e-05
Healthy_patient48,0,0.05396549,5.8667636e-05
Healthy_patient59,0,0.062308427,0.00020133963
Healthy_patient59,0,0.053105332,0.00012045513
Healthy_patient59,0,0.035655465,5.761236e-05
Healthy_patient59,0,0.049909078,5.4221844e-05
Healthy_patient59,0,0.0820676,4.487592e-05
Healthy_patient59,0,0.08545203,4.1227406e-05
Healthy_patient59,0,0.08670598,2.4251025e-05
Healthy_patient59,0,0.05694382,5.252824e-05
Healthy_patient59,0,0.04778254,4.9029917e-05
Healthy_patient59,0,0.09056048,2.9658908e-05
Healthy_patient59,0,0.07645886,5.061738e-05
Healthy_patient59,0,0.042954765,3.244835e-05
Healthy_patient59,0,0.056307618,1.4641755e-05
Healthy_patient59,0,0.058324885,3.7738228e-05
Healthy_patient59,0,0.094620176,1.5134041e-05
Healthy_patient59,0,0.10336326,2.0793417e-05
Healthy_patient59,0,0.05673482,6.384941e-05
Healthy_patient59,0,0.04481673,4.8343743e-05
Healthy_patient59,0,0.045893002,2.4736632e-05
Healthy_patient59,0,0.07534732,2.1261514e-05
Healthy_patient59,0,0.077311546,4.2248255e-05
Healthy_patient59,0,0.07237531,3.120706e-05
Healthy_patient59,0,0.10298554,1.8203342e-05
Healthy_patient59,0,0.060879916,4.9934664e-05
Healthy_patient59,0,0.086626574,1.3317153e-05
Healthy_patient59,0,0.078797676,2.4844037e-05
Healthy_patient59,0,0.054437194,5.5621105e-05
Healthy_patient59,0,0.049683366,5.450033e-05
Healthy_patient59,0,0.13791089,1.5940755e-05
Healthy_patient59,0,0.14850882,2.3570594e-05
Healthy_patient59,0,0.034221817,1.936274e-05
Healthy_patient59,0,0.044379212,8.025784e-06
Healthy_patient59,0,0.057502694,1.5579782e-05
Healthy_patient59,0,0.14743395,1.252094e-05
Healthy_patient59,0,0.05109992,0.0001211673
Healthy_patient59,0,0.053104833,3.408094e-05
Healthy_patient59,0,0.2914738,1.8703882e-05
Healthy_patient59,0,0.038528096,1.8589648e-05
Healthy_patient59,0,0.04358327,1.1916051e-05
Healthy_patient59,0,0.100776434,3.996253e-05
Healthy_patient59,0,0.09367346,1.4171348e-05
Healthy_patient59,0,0.07229777,4.6347104e-05
Healthy_patient59,0,0.117068134,2.225764e-05
Healthy_patient59,0,0.10849561,2.1503105e-05
Healthy_patient59,0,0.074117325,1.7731176e-05
Healthy_patient59,0,0.07856238,1.0217698e-05
Healthy_patient59,0,0.09955139,1.6294824e-05
Healthy_patient59,0,0.015418889,4.538807e-05
Healthy_patient59,0,0.06094012,9.399052e-05
Healthy_patient59,0,0.09949739,1.018068e-05
Healthy_patient59,0,0.10155596,1.2622078e-05
Healthy_patient59,0,0.101530515,1.4775319e-05
Healthy_patient59,0,0.08778057,3.183739e-05
Healthy_patient59,0,0.13898596,1.613261e-05
Healthy_patient59,0,0.08937875,1.5399184e-05
Healthy_patient59,0,0.095514074,1.375236e-05
Healthy_patient59,0,0.1546442,1.5295942e-05
Healthy_patient59,0,0.09830701,3.0525913e-05
Healthy_patient59,0,0.11910182,1.4574804e-05
Healthy_patient59,0,0.0341163,5.3078413e-05
Healthy_patient59,0,0.035928153,1.8268976e-05
Healthy_patient59,0,0.04314807,1.6583992e-05
Healthy_patient59,0,0.03901868,7.12433e-05
Healthy_patient59,0,0.056395732,3.500376e-05
Healthy_patient59,0,0.11594382,1.8988947e-05
Healthy_patient59,0,0.118240096,1.1224076e-05
Healthy_patient59,0,0.11355794,3.042263e-05
Healthy_patient59,0,0.08118294,3.3313936e-05
Healthy_patient59,0,0.057899605,0.0002090048
Healthy_patient59,0,0.054526214,7.421587e-05
Healthy_patient59,0,0.047508854,5.552423e-05
Healthy_patient59,0,0.045253962,4.831444e-05
Healthy_patient59,0,0.06467042,6.875421e-05
Healthy_patient59,0,0.05867318,1.206484e-05
Healthy_patient59,0,0.0662674,1.0211416e-05
Healthy_patient59,0,0.1183292,9.230872e-06
Healthy_patient59,0,0.061251365,6.1061246e-06
Healthy_patient59,0,0.11280951,2.925159e-05
Healthy_patient59,0,0.15673284,1.3429409e-05
Healthy_patient59,0,0.04359717,2.8467404e-05
Healthy_patient59,0,0.035585005,5.436091e-05
Healthy_patient59,0,0.09128392,8.016482e-06
Healthy_patient59,0,0.087442435,4.1297808e-05
Healthy_patient59,0,0.08471608,7.0516594e-06
Healthy_patient59,0,0.11419412,1.8757146e-05
Healthy_patient59,0,0.11104273,4.787431e-06
Healthy_patient59,0,0.10729655,1.729621e-05
Healthy_patient59,0,0.028836107,2.9376743e-05
Healthy_patient59,0,0.07631629,3.7115144e-05
Healthy_patient59,0,0.031213725,9.438067e-05
Healthy_patient59,0,0.036477923,9.441579e-05
Healthy_patient59,0,0.040393196,3.452257e-05
Healthy_patient59,0,0.04997098,2.398199e-05
Healthy_patient59,0,0.03332998,2.5833735e-05
Healthy_patient59,0,0.05679343,7.2456365e-05
Healthy_patient59,0,0.056411665,1.0542774e-05
Healthy_patient59,0,0.10007287,9.39824e-06
Healthy_patient59,0,0.07711662,3.2247215e-05
Healthy_patient59,0,0.12845972,1.50997585e-05
Healthy_patient59,0,0.05515355,5.132142e-05
Healthy_patient59,0,0.03741398,0.000110932946
Healthy_patient59,0,0.059407823,6.238989e-05
Healthy_patient59,0,0.04741626,7.117175e-05
Healthy_patient59,0,0.08050875,2.2054632e-05
Healthy_patient59,0,0.06414504,3.2464694e-05
Healthy_patient59,0,0.11986258,2.7760656e-05
Healthy_patient59,0,0.07008755,3.652059e-05
Healthy_patient59,0,0.043330867,0.00012242509
Healthy_patient59,0,0.048949413,7.824246e-05
Healthy_patient59,0,0.04069509,7.046745e-06
Healthy_patient59,0,0.04452498,7.661794e-05
Healthy_patient62,0,0.100441955,8.338348e-06
Healthy_patient62,0,0.11643399,3.5790516e-05
Healthy_patient62,0,0.008199025,7.644185e-05
Healthy_patient62,0,0.08635902,1.3600259e-05
Healthy_patient62,0,0.010792524,2.9438914e-05
Healthy_patient69,0,0.2180911,7.1591516e-05
Healthy_patient69,0,0.16590609,1.4333856e-05
Healthy_patient69,0,0.21240722,2.3636007e-05
Healthy_patient69,0,0.18254992,2.5301508e-05
Healthy_patient69,0,0.15051779,9.883099e-06
Healthy_patient69,0,0.19248867,9.772991e-06
Healthy_patient69,0,0.15633672,2.0014535e-05
Healthy_patient69,0,0.18046063,1.136791e-05
Healthy_patient69,0,0.13625358,4.054196e-05
Healthy_patient69,0,0.12285389,2.3364588e-05
Healthy_patient69,0,0.12280508,8.716704e-06
Healthy_patient69,0,0.17711075,9.993811e-06
Healthy_patient69,0,0.1250928,2.0122818e-05
Healthy_patient69,0,0.13189417,2.9354143e-05
Healthy_patient69,0,0.1818553,2.7229287e-05
Healthy_patient69,0,0.15258762,3.9635863e-05
Healthy_patient69,0,0.20750827,1.594556e-05
Healthy_patient69,0,0.13569811,1.3827583e-05
Healthy_patient69,0,0.19839633,1.1926238e-05
Healthy_patient69,0,0.16207528,1.5600566e-05
Healthy_patient69,0,0.16779496,1.6904802e-05
Healthy_patient69,0,0.175859,2.186465e-05
Healthy_patient69,0,0.18993467,4.905068e-05
Healthy_patient69,0,0.19451259,2.4099556e-05
Healthy_patient69,0,0.22725663,6.9390844e-06
Healthy_patient69,0,0.23917124,2.2662518e-05
Healthy_patient69,0,0.15019651,3.7335627e-05
Healthy_patient69,0,0.12691055,3.0900934e-05
Healthy_patient69,0,0.14794569,2.9340905e-05
Healthy_patient69,0,0.17043222,3.0058058e-05
Healthy_patient69,0,0.18536685,1.6796845e-05
Healthy_patient69,0,0.18337905,1.6702174e-05
Healthy_patient69,0,0.15496278,2.4450874e-05
Healthy_patient69,0,0.24063852,1.9099607e-05
Healthy_patient69,0,0.29958975,7.965279e-06
Healthy_patient69,0,0.20207603,1.6329326e-05
Healthy_patient69,0,0.16200858,3.244451e-05
Healthy_patient69,0,0.20561531,2.8538516e-05
Healthy_patient69,0,0.22714245,1.6369055e-05
Healthy_patient69,0,0.10323809,1.6158494e-05
Healthy_patient69,0,0.16484427,2.6433187e-05
Healthy_patient69,0,0.17382929,1.263011e-05
Healthy_patient69,0,0.13491146,1.6879427e-05
Healthy_patient69,0,0.2824418,1.501687e-05
Healthy_patient69,0,0.069228746,1.2782535e-05
Healthy_patient69,0,0.14752012,2.837682e-05
Healthy_patient69,0,0.117501676,1.783554e-05
Healthy_patient69,0,0.20227897,1.5338988e-05
Healthy_patient69,0,0.18726811,2.8330747e-05
Healthy_patient69,0,0.1435845,2.8686185e-05
Healthy_patient69,0,0.1297499,1.6046086e-05
Healthy_patient69,0,0.13361004,2.1729555e-05
Healthy_patient69,0,0.14996544,2.5836049e-05
Healthy_patient69,0,0.14342178,1.9955338e-05
Healthy_patient69,0,0.12631512,2.3774315e-05
Healthy_patient69,0,0.13091236,3.818262e-05
Healthy_patient69,0,0.1376996,1.2794097e-05
Healthy_patient69,0,0.15141578,4.790798e-05
Healthy_patient69,0,0.14218865,1.9026482e-05
Healthy_patient69,0,0.3144301,1.30539265e-05
Healthy_patient69,0,0.105757885,1.8878623e-05
Healthy_patient69,0,0.15938026,1.6874066e-05
Healthy_patient69,0,0.11550578,1.2506953e-05
Healthy_patient69,0,0.17137279,2.838857e-05
Healthy_patient69,0,0.14904496,1.5667481e-05
Healthy_patient69,0,0.27583364,1.1585621e-05
Healthy_patient69,0,0.12614013,1.7775023e-05
Healthy_patient69,0,0.16159736,2.894046e-05
Healthy_patient69,0,0.15796302,2.1914018e-05
Healthy_patient69,0,0.15269256,2.7011052e-05
Healthy_patient69,0,0.20196836,1.8369345e-05
Healthy_patient69,0,0.17730352,9.424869e-06
Healthy_patient69,0,0.12946454,2.2798802e-05
Healthy_patient69,0,0.21015696,9.66692e-06
Healthy_patient69,0,0.13044825,1.0655763e-05
Healthy_patient69,0,0.12448316,7.714995e-06
Healthy_patient69,0,0.1661006,9.579736e-06
Healthy_patient69,0,0.18053386,1.574648e-05
Healthy_patient69,0,0.17709175,1.00395955e-05
Healthy_patient69,0,0.07020275,2.5730994e-06
Healthy_patient69,0,0.24109104,9.185883e-06
Healthy_patient69,0,0.21747415,5.654433e-06
Healthy_patient69,0,0.1300246,8.794105e-06
Healthy_patient69,0,0.20544733,7.522606e-06
Healthy_patient69,0,0.12485449,7.805684e-06
Healthy_patient69,0,0.15888429,1.443271e-05
Healthy_patient69,0,0.092652045,1.0967859e-05
Healthy_patient69,0,0.1761649,8.820739e-06
Healthy_patient69,0,0.1766281,1.54981e-05
Healthy_patient69,0,0.15319562,1.0643991e-05
Healthy_patient69,0,0.2975401,1.1464589e-05
Healthy_patient69,0,0.21150626,1.5934264e-05
Healthy_patient69,0,0.10530144,3.4574791e-06
Healthy_patient69,0,0.12733603,7.715731e-06
Healthy_patient69,0,0.18182912,1.1128003e-05
Healthy_patient69,0,0.1134131,1.2853016e-05
Healthy_patient69,0,0.10981095,4.0311515e-06
Healthy_patient69,0,0.15129279,2.0229703e-05
Healthy_patient69,0,0.13572474,1.1081893e-05
Healthy_patient69,0,0.15200043,1.936167e-05
Healthy_patient69,0,0.1971496,1.33412295e-05
Healthy_patient69,0,0.16962805,1.1454664e-05
Healthy_patient69,0,0.18312146,1.46498705e-05
Healthy_patient69,0,0.1667712,1.758705e-05
Healthy_patient69,0,0.16369198,1.7035627e-05
Healthy_patient69,0,0.1334639,1.5672695e-05
Healthy_patient69,0,0.14016145,1.3705252e-05
Healthy_patient73,0,0.06710811,1.5344576e-05
Healthy_patient73,0,0.029803457,1.0569108e-05
Healthy_patient73,0,0.046649344,1.8366103e-05
Healthy_patient73,0,0.071670964,1.986744e-05
Healthy_patient73,0,0.05718707,1.6519682e-05
Healthy_patient73,0,0.05811156,9.813665e-06
Healthy_patient73,0,0.052872624,1.0435939e-05
Healthy_patient73,0,0.060728244,1.5931773e-05
Healthy_patient73,0,0.06902302,1.8744862e-05
Healthy_patient73,0,0.06785268,8.41438e-06
Healthy_patient73,0,0.02360128,2.2002258e-05
Healthy_patient73,0,0.03712055,9.825727e-06
Healthy_patient73,0,0.03425128,1.4203373e-05
Healthy_patient73,0,0.04297418,1.9237623e-05
Healthy_patient73,0,0.06714611,8.536353e-06
Healthy_patient73,0,0.04065897,1.7870545e-05
Healthy_patient73,0,0.03774677,1.5405767e-05
Healthy_patient73,0,0.031827588,9.360964e-06
Healthy_patient73,0,0.028003806,1.13672795e-05
Healthy_patient73,0,0.01952556,7.177372e-06
Healthy_patient73,0,0.009785978,2.0680895e-05
Healthy_patient73,0,0.047811527,1.4291105e-05
Healthy_patient73,0,0.08840676,3.326473e-05
Healthy_patient73,0,0.08853337,1.2359865e-05
Healthy_patient73,0,0.12692863,2.950294e-05
Healthy_patient73,0,0.08553395,1.5508716e-05
Healthy_patient73,0,0.11257803,2.4110173e-05
Healthy_patient73,0,0.0967692,3.0453803e-05
Healthy_patient73,0,0.09710248,1.7270462e-05
Healthy_patient73,0,0.086013064,3.980047e-05
Healthy_patient73,0,0.08804628,1.5326443e-05
Healthy_patient73,0,0.08601833,1.4785441e-05
Healthy_patient73,0,0.08668021,3.1679603e-05
Healthy_patient73,0,0.121947095,1.8187155e-05
Healthy_patient73,0,0.07347077,1.131051e-05
Healthy_patient73,0,0.060473453,9.698779e-06
Healthy_patient73,0,0.028161453,3.0690546e-05
Healthy_patient73,0,0.0543956,2.4974472e-05
Healthy_patient73,0,0.054525457,1.0429532e-05
Healthy_patient73,0,0.018830894,1.4232961e-05
Healthy_patient73,0,0.047748994,1.4194681e-05
Healthy_patient73,0,0.060019,1.6418508e-05
Healthy_patient73,0,0.016637625,3.984567e-05
Healthy_patient73,0,0.061634082,1.4987883e-05
Healthy_patient73,0,0.023761943,2.1977157e-05
Healthy_patient73,0,0.04824806,2.2493748e-05
Healthy_patient73,0,0.09304674,4.947937e-05
Healthy_patient73,0,0.063840024,2.04482e-05
Healthy_patient73,0,0.05436049,2.3119623e-05
Healthy_patient73,0,0.039189227,2.451141e-05
Healthy_patient73,0,0.062063545,1.8067285e-05
Healthy_patient73,0,0.07111345,5.4477932e-05
Healthy_patient73,0,0.08171393,5.616295e-05
Healthy_patient73,0,0.025225855,8.665465e-06
Healthy_patient73,0,0.03227676,4.1626652e-05
Healthy_patient73,0,0.05055066,3.7897782e-05
Healthy_patient73,0,0.069768436,4.708371e-05
Healthy_patient73,0,0.07172475,2.595367e-05
Healthy_patient73,0,0.041606966,2.0947366e-05
Healthy_patient73,0,0.019939566,9.828772e-06
Healthy_patient73,0,0.0477301,5.723533e-05
Healthy_patient73,0,0.06955001,2.8561682e-05
Healthy_patient73,0,0.053808168,3.36875e-05
Healthy_patient73,0,0.052332673,1.6265574e-05
Healthy_patient73,0,0.04971533,6.8981106e-05
Healthy_patient73,0,0.09243834,1.9076142e-05
Healthy_patient73,0,0.04742437,2.8719003e-05
Healthy_patient73,0,0.0599716,2.580744e-05
Healthy_patient73,0,0.07212906,3.532124e-05
Healthy_patient73,0,0.080186166,4.4866847e-05
Healthy_patient73,0,0.06432383,2.1700047e-05
Healthy_patient73,0,0.038303934,3.1815176e-05
Healthy_patient73,0,0.058112763,3.7239228e-05
Healthy_patient73,0,0.05013445,2.9671615e-05
Healthy_patient73,0,0.038119018,1.8202316e-05
Healthy_patient73,0,0.022780633,1.9500683e-05
Healthy_patient73,0,0.03770989,3.4935296e-05
Healthy_patient73,0,0.04114092,2.6055395e-05
Healthy_patient73,0,0.045230705,3.1086256e-05
Healthy_patient73,0,0.024421953,2.2287888e-05
Healthy_patient73,0,0.021754341,3.8793725e-05
Healthy_patient73,0,0.06310111,2.80102e-05
Healthy_patient73,0,0.036052417,2.0510623e-05
Healthy_patient73,0,0.02602051,1.7868806e-05
Healthy_patient73,0,0.04374243,1.6599037e-05
Healthy_patient73,0,0.04928035,9.541114e-06
Healthy_patient73,0,0.04325466,4.0445033e-05
Healthy_patient73,0,0.044221036,3.5858156e-05
Healthy_patient73,0,0.04008024,2.1953569e-05
Healthy_patient73,0,0.04288621,2.8482395e-05
Healthy_patient73,0,0.04429045,2.8578845e-05
Healthy_patient73,0,0.0428108,1.6511885e-05
Healthy_patient73,0,0.039845526,8.590744e-06
Healthy_patient73,0,0.06473058,2.5757918e-05
Healthy_patient73,0,0.041952394,2.8582797e-05
Healthy_patient73,0,0.06157317,2.3419265e-05
Healthy_patient73,0,0.024297338,9.618147e-06
Healthy_patient73,0,0.04377304,1.4055061e-05
Healthy_patient73,0,0.03756269,8.75714e-06
Healthy_patient73,0,0.038550045,2.2134274e-05
Healthy_patient73,0,0.077932805,4.6764388e-05
Healthy_patient73,0,0.06113341,1.5770618e-05
Healthy_patient73,0,0.0655588,2.3544462e-05
Healthy_patient76,0,0.08793935,4.440035e-05
Healthy_patient76,0,0.07271769,3.0850406e-05
Healthy_patient76,0,0.06697458,2.627162e-05
Healthy_patient76,0,0.047311105,2.6331516e-05
Healthy_patient76,0,0.083015636,1.9208414e-05
Healthy_patient76,0,0.04395436,1.2965492e-05
Healthy_patient76,0,0.04137454,8.326549e-06
Healthy_patient76,0,0.03436078,1.0560444e-05
Healthy_patient76,0,0.028002312,1.0993032e-05
Healthy_patient76,0,0.0319595,1.1443047e-05
Healthy_patient76,0,0.043214753,1.2572667e-05
Healthy_patient76,0,0.036387295,7.401307e-06
Healthy_patient76,0,0.09800413,9.188074e-06
Healthy_patient76,0,0.08746966,9.728885e-06
Healthy_patient76,0,0.076777115,2.7367832e-05
Healthy_patient76,0,0.07347954,2.3796996e-05
Healthy_patient76,0,0.048120737,2.1179289e-05
Healthy_patient76,0,0.022829315,1.1477848e-05
Healthy_patient76,0,0.036666054,1.4885466e-05
Healthy_patient76,0,0.032374486,1.7605646e-05
Healthy_patient76,0,0.034120876,8.123774e-06
Healthy_patient76,0,0.034278773,3.6901834e-05
Healthy_patient76,0,0.038032304,1.6259246e-05
Healthy_patient76,0,0.037341118,1.2454678e-05
Healthy_patient76,0,0.019167894,6.8392483e-06
Healthy_patient76,0,0.02100063,9.009244e-06
Healthy_patient76,0,0.035715975,1.0478762e-05
Healthy_patient76,0,0.04832934,1.8794299e-05
Healthy_patient76,0,0.040371392,1.7585457e-05
Healthy_patient76,0,0.032767653,5.5920013e-06
Healthy_patient76,0,0.021001253,1.0121232e-05
Healthy_patient76,0,0.011335854,7.0190445e-06
Healthy_patient76,0,0.098328136,1.66375e-05
Healthy_patient76,0,0.06726537,9.616385e-06
Healthy_patient76,0,0.07633073,2.2206883e-05
Healthy_patient76,0,0.09178474,1.2097689e-05
Healthy_patient76,0,0.07499636,2.283076e-05
Healthy_patient76,0,0.049226694,1.9501538e-05
Healthy_patient76,0,0.055748757,1.4606582e-05
Healthy_patient76,0,0.033687796,1.2988806e-05
Healthy_patient76,0,0.034487188,1.4390092e-05
Healthy_patient76,0,0.0615448,7.78138e-06
Healthy_patient76,0,0.040904958,1.2187978e-05
Healthy_patient76,0,0.06043524,1.2805693e-05
Healthy_patient76,0,0.048093293,2.1456524e-05
Healthy_patient76,0,0.03511875,2.1673985e-05
Healthy_patient76,0,0.06490963,1.7602957e-05
Healthy_patient76,0,0.06732794,1.1751916e-05
Healthy_patient76,0,0.06665559,2.639656e-05
Healthy_patient76,0,0.09027616,1.997253e-05
Healthy_patient76,0,0.075235814,2.0522519e-05
Healthy_patient76,0,0.06344666,2.3131246e-05
Healthy_patient76,0,0.044439532,7.745574e-06
Healthy_patient76,0,0.036860168,1.7376891e-05
Healthy_patient76,0,0.025929693,1.8239347e-05
Healthy_patient76,0,0.039176572,8.620273e-06
Healthy_patient76,0,0.042660736,1.3334894e-05
Healthy_patient76,0,0.053823758,3.4487006e-05
Healthy_patient76,0,0.06827004,1.42637355e-05
Healthy_patient76,0,0.07648166,5.605252e-05
Healthy_patient76,0,0.062229346,2.3438859e-05
Healthy_patient76,0,0.054695055,1.8982228e-05
Healthy_patient76,0,0.053842694,2.7763752e-05
Healthy_patient76,0,0.064476185,2.7031254e-05
Healthy_patient76,0,0.06552867,1.6440925e-05
Healthy_patient76,0,0.050662797,2.5400215e-05
Healthy_patient76,0,0.0931398,2.972449e-05
Healthy_patient76,0,0.09807772,3.1851363e-05
Healthy_patient76,0,0.07143318,2.8036713e-05
Healthy_patient76,0,0.056956165,1.6543836e-05
Healthy_patient76,0,0.052030805,1.5509146e-05
Healthy_patient76,0,0.038768917,2.2717368e-05
Healthy_patient76,0,0.021778151,7.1361146e-06
Healthy_patient76,0,0.041395526,5.9039125e-05
Healthy_patient76,0,0.037521567,1.548058e-05
Healthy_patient76,0,0.0756971,1.8373195e-05
Healthy_patient76,0,0.047521725,2.9037077e-05
Healthy_patient76,0,0.050658498,4.09117e-05
Healthy_patient76,0,0.03318583,4.726118e-05
Healthy_patient76,0,0.017219296,5.9710396e-06
Healthy_patient76,0,0.031550746,9.168772e-06
Healthy_patient76,0,0.019944374,1.8576016e-05
Healthy_patient76,0,0.07599829,4.7666683e-05
Healthy_patient76,0,0.03939059,2.5806432e-05
Healthy_patient76,0,0.025924288,9.376359e-06
Healthy_patient76,0,0.07688151,1.3458539e-05
Healthy_patient76,0,0.07825164,0.00011647491
Healthy_patient76,0,0.07144795,2.07214e-05
Healthy_patient76,0,0.08350193,2.8257784e-05
Healthy_patient76,0,0.065499924,2.2850472e-05
Healthy_patient76,0,0.06622002,3.0316975e-05
Healthy_patient76,0,0.062290363,1.4361152e-05
Healthy_patient76,0,0.07596356,1.325292e-05
Healthy_patient76,0,0.06406957,1.4652665e-05
Healthy_patient76,0,0.045108777,1.152789e-05
Healthy_patient76,0,0.05685717,3.123478e-05
Healthy_patient76,0,0.034565825,3.0901116e-05
Healthy_patient76,0,0.05835497,1.4050505e-05
Healthy_patient76,0,0.07544247,8.9537236e-05
Healthy_patient76,0,0.06138131,1.6814733e-05
Healthy_patient76,0,0.03224074,2.2250466e-05
Healthy_patient76,0,0.07068559,2.9789955e-05
Healthy_patient76,0,0.078742206,1.9881198e-05
Healthy_patient91,0,0.08864969,3.6025558e-05
Healthy_patient91,0,0.08117855,0.00030738124
Healthy_patient91,0,0.07758209,0.00013591346
Healthy_patient91,0,0.08676227,0.00020930154
Healthy_patient91,0,0.08003749,0.00019517324
Healthy_patient91,0,0.065866634,4.9419712e-05
Healthy_patient91,0,0.1819327,7.2107505e-05
Healthy_patient91,0,0.0636643,0.00015068935
Healthy_patient91,0,0.06988923,0.00015821581
Healthy_patient91,0,0.080714986,0.00014720521
Healthy_patient91,0,0.08610539,0.0005705202
Healthy_patient91,0,0.047198504,7.544954e-05
Healthy_patient91,0,0.052488267,1.3783636e-05
Healthy_patient91,0,0.055652246,4.209194e-05
Healthy_patient91,0,0.09079666,0.00011257778
Healthy_patient91,0,0.08920624,0.00038113244
Healthy_patient91,0,0.06253746,0.0002524208
Healthy_patient91,0,0.060181357,6.4765154e-05
Healthy_patient91,0,0.11272083,3.0132733e-05
Healthy_patient91,0,0.058629688,1.7282722e-05
Healthy_patient91,0,0.08569405,3.5862635e-05
Healthy_patient91,0,0.14101668,3.2953663e-05
Healthy_patient91,0,0.052310757,7.024971e-05
Healthy_patient91,0,0.059010822,0.000113035676
Healthy_patient91,0,0.090799555,4.9604187e-05
Healthy_patient91,0,0.045583997,7.023249e-05
Healthy_patient91,0,0.07714883,0.0001347798
Healthy_patient91,0,0.039222367,0.0001470524
Healthy_patient91,0,0.06405736,3.302917e-05
Healthy_patient91,0,0.093063146,5.865046e-05
Healthy_patient91,0,0.08752455,0.00021291577
Healthy_patient91,0,0.07925998,8.700973e-05
Healthy_patient91,0,0.038749963,7.498589e-05
Healthy_patient91,0,0.06504587,8.873739e-05
Healthy_patient91,0,0.06933077,0.00029353876
Healthy_patient91,0,0.0682849,3.966626e-05
Healthy_patient91,0,0.07543065,0.0001828086
Healthy_patient91,0,0.07124278,6.450142e-05
Healthy_patient91,0,0.08117214,3.758595e-05
Healthy_patient91,0,0.044658024,3.687099e-05
Healthy_patient91,0,0.034916006,7.857781e-05
Healthy_patient91,0,0.092753954,2.0458674e-05
Healthy_patient91,0,0.04823676,0.00023751546
Healthy_patient91,0,0.07726179,4.1222294e-05
Healthy_patient91,0,0.12313584,0.00016827715
Healthy_patient91,0,0.056375813,3.8704264e-05
Healthy_patient91,0,0.09195168,7.724431e-05
Healthy_patient91,0,0.059195895,1.9549807e-05
Healthy_patient91,0,0.08606557,9.134099e-06
Healthy_patient91,0,0.05334109,6.617055e-05
Healthy_patient91,0,0.057670318,4.617884e-05
Healthy_patient91,0,0.037511475,0.00011129191
Healthy_patient91,0,0.058100533,2.9657382e-05
Healthy_patient91,0,0.056980476,8.8148096e-05
Healthy_patient91,0,0.102222025,0.00012923012
Healthy_patient91,0,0.13160603,0.00026228308
Healthy_patient91,0,0.067073196,0.0001290481
Healthy_patient91,0,0.0370839,0.000110135465
Healthy_patient91,0,0.03153629,1.6884918e-05
Healthy_patient91,0,0.024663433,2.0056837e-05
Healthy_patient91,0,0.06511159,0.00018206233
Healthy_patient91,0,0.04473839,2.1632068e-05
Healthy_patient91,0,0.04159774,2.237695e-05
Healthy_patient91,0,0.03773906,6.561684e-05
Healthy_patient91,0,0.07137534,0.000272956
Healthy_patient91,0,0.056740623,0.00036347483
Healthy_patient91,0,0.049944934,2.6183674e-05
Healthy_patient91,0,0.10246475,0.00022254384
Healthy_patient91,0,0.060696412,4.6776608e-05
Healthy_patient91,0,0.06510389,2.2178188e-05
Healthy_patient91,0,0.04250919,6.9393405e-05
Healthy_patient91,0,0.0457399,0.00015672062
Healthy_patient91,0,0.060605466,5.17914e-05
Healthy_patient91,0,0.05891226,8.2975275e-05
Healthy_patient91,0,0.03607349,4.986034e-05
Healthy_patient91,0,0.05507129,2.7359329e-05
Healthy_patient91,0,0.08527656,9.744297e-05
Healthy_patient91,0,0.03784311,0.00014808368
Healthy_patient91,0,0.05966981,0.00020099035
Healthy_patient91,0,0.058796465,0.0005350547
Healthy_patient91,0,0.048442263,0.00021030055
Healthy_patient91,0,0.038524356,1.9347552e-05
Healthy_patient91,0,0.05603189,5.731054e-05
Healthy_patient91,0,0.09157288,0.00019795545
Healthy_patient91,0,0.12757245,6.643775e-05
Healthy_patient91,0,0.123160765,8.1961894e-05
Healthy_patient91,0,0.08663258,0.00010308425
Healthy_patient91,0,0.06522708,6.726213e-05
Healthy_patient91,0,0.07827621,0.0003919101
Healthy_patient91,0,0.04533146,0.00010161494
Healthy_patient91,0,0.07524913,0.00019414112
Healthy_patient91,0,0.051259495,0.00011071905
Healthy_patient91,0,0.04671014,0.00017465901
Healthy_patient91,0,0.099914305,0.0004193824
Healthy_patient91,0,0.04361852,6.290665e-05
Healthy_patient91,0,0.06451061,2.698194e-05
Healthy_patient91,0,0.08984312,0.00012783243
Healthy_patient91,0,0.064667284,4.5171444e-05
Healthy_patient91,0,0.06668099,0.0001376901
Healthy_patient91,0,0.075687476,2.9950243e-05
Healthy_patient91,0,0.075202726,4.350491e-05
Healthy_patient91,0,0.06006335,2.125016e-05
Healthy_patient91,0,0.05630569,9.803807e-05
Healthy_patient91,0,0.050950617,0.00013701951
Healthy_patient91,0,0.050658315,2.1852684e-05
Healthy_patient91,0,0.21148978,2.6947508e-05
Healthy_patient91,0,0.069438845,6.233578e-05
Healthy_patient92,0,0.03282184,0.000102540514
Healthy_patient92,0,0.13369612,0.00027599366
Healthy_patient92,0,0.103285335,0.00036899184
Healthy_patient92,0,0.15491936,0.00011263253
Healthy_patient92,0,0.013428986,3.5515688e-05
Healthy_patient92,0,0.13629109,0.00077612454
Healthy_patient92,0,0.14377807,0.0012034801
Healthy_patient92,0,0.00021257253,2.3285378e-05
Healthy_patient92,0,0.1163244,0.00022538131
Healthy_patient92,0,7.164856e-05,1.9271606e-06
Healthy_patient92,0,0.0014249105,1.1176757e-05
Healthy_patient92,0,0.09993041,9.366709e-05
Healthy_patient92,0,0.08214599,0.00024952806
Healthy_patient92,0,0.058326192,2.8761513e-05
Healthy_patient92,0,0.04146061,5.5550132e-05
Healthy_patient92,0,1.3660904e-06,8.0321064e-07
Healthy_patient92,0,0.13075359,6.866707e-05
Healthy_patient92,0,0.07801168,0.00028189833
Healthy_patient92,0,0.02367857,0.0001250863
Healthy_patient92,0,0.00012641466,1.1751579e-05
Healthy_patient92,0,0.08614834,8.1115315e-05
Healthy_patient92,0,0.026725182,2.2563256e-05
Healthy_patient92,0,0.0096861115,8.5525964e-05
Healthy_patient92,0,0.00026137268,8.712116e-06
Healthy_patient92,0,0.04608699,0.00022484278
Healthy_patient92,0,0.05962145,0.00022651254
Healthy_patient92,0,0.13012977,9.5289724e-05
Healthy_patient92,0,0.047817204,6.170394e-05
Healthy_patient92,0,0.012430315,6.8144946e-05
Healthy_patient92,0,3.4864737e-05,1.9052657e-06
Healthy_patient92,0,9.391439e-06,3.5114633e-07
Healthy_patient92,0,1.5763684e-05,2.1448695e-07
Healthy_patient92,0,2.1109761e-05,4.6742034e-07
Healthy_patient92,0,7.947472e-05,6.2252394e-07
Healthy_patient92,0,0.000118498814,4.6730352e-07
Healthy_patient92,0,1.972427e-05,1.8319412e-06
Healthy_patient92,0,0.0002912839,2.1972392e-06
Healthy_patient92,0,1.3380143e-05,3.1316304e-07
Healthy_patient92,0,0.032075938,0.00016948055
Healthy_patient92,0,0.052661717,0.0003466382
