subject_id,relative_path,label,person_id,source,sampling_rate_hz,unit
Alzehiemers_patient1,Alzehiemers/eyes-closed/patient1,1,Alzehiemers_patient1,,128,uV
Alzehiemers_patient10,Alzehiemers/eyes-closed/patient10,1,Alzehiemers_patient10,,128,uV
Alzehiemers_patient100,Alzehiemers/eyes-closed/patient100,1,Alzehiemers_patient100,,128,uV
Alzehiemers_patient101,Alzehiemers/eyes-closed/patient101,1,Alzehiemers_patient101,,128,uV
Alzehiemers_patient102,Alzehiemers/eyes-closed/patient102,1,Alzehiemers_patient102,,128,uV
Alzehiemers_patient103,Alzehiemers/eyes-closed/patient103,1,Alzehiemers_patient103,,128,uV
Alzehiemers_patient104,Alzehiemers/eyes-closed/patient104,1,Alzehiemers_patient104,,128,uV
Alzehiemers_patient105,Alzehiemers/eyes-closed/patient105,1,Alzehiemers_patient105,,128,uV
Alzehiemers_patient106,Alzehiemers/eyes-closed/patient106,1,Alzehiemers_patient106,,128,uV
Alzehiemers_patient107,Alzehiemers/eyes-closed/patient107,1,Alzehiemers_patient107,,128,uV
Alzehiemers_patient108,Alzehiemers/eyes-closed/patient108,1,Alzehiemers_patient108,,128,uV
Alzehiemers_patient109,Alzehiemers/eyes-closed/patient109,1,Alzehiemers_patient109,,128,uV
Alzehiemers_patient11,Alzehiemers/eyes-closed/patient11,1,Alzehiemers_patient11,,128,uV
Alzehiemers_patient110,Alzehiemers/eyes-closed/patient110,1,Alzehiemers_patient110,,128,uV
Alzehiemers_patient111,Alzehiemers/eyes-closed/patient111,1,Alzehiemers_patient111,,128,uV
Alzehiemers_patient112,Alzehiemers/eyes-closed/patient112,1,Alzehiemers_patient112,,128,uV
Alzehiemers_patient113,Alzehiemers/eyes-closed/patient113,1,Alzehiemers_patient113,,128,uV
Alzehiemers_patient114,Alzehiemers/eyes-closed/patient114,1,Alzehiemers_patient114,,128,uV
Alzehiemers_patient115,Alzehiemers/eyes-closed/patient115,1,Alzehiemers_patient115,,128,uV
Alzehiemers_patient116,Alzehiemers/eyes-closed/patient116,1,Alzehiemers_patient116,,128,uV
Alzehiemers_patient12,Alzehiemers/eyes-closed/patient12,1,Alzehiemers_patient12,,128,uV
Alzehiemers_patient13,Alzehiemers/eyes-closed/patient13,1,Alzehiemers_patient13,,128,uV
Alzehiemers_patient14,Alzehiemers/eyes-closed/patient14,1,Alzehiemers_patient14,,128,uV
Alzehiemers_patient15,Alzehiemers/eyes-closed/patient15,1,Alzehiemers_patient15,,128,uV
Alzehiemers_patient16,Alzehiemers/eyes-closed/patient16,1,Alzehiemers_patient16,,128,uV
Alzehiemers_patient17,Alzehiemers/eyes-closed/patient17,1,Alzehiemers_patient17,,128,uV
Alzehiemers_patient18,Alzehiemers/eyes-closed/patient18,1,Alzehiemers_patient18,,128,uV
Alzehiemers_patient19,Alzehiemers/eyes-closed/patient19,1,Alzehiemers_patient19,,128,uV
Alzehiemers_patient2,Alzehiemers/eyes-closed/patient2,1,Alzehiemers_patient2,,128,uV
Alzehiemers_patient20,Alzehiemers/eyes-closed/patient20,1,Alzehiemers_patient20,,128,uV
Alzehiemers_patient21,Alzehiemers/eyes-closed/patient21,1,Alzehiemers_patient21,,128,uV
Alzehiemers_patient22,Alzehiemers/eyes-closed/patient22,1,Alzehiemers_patient22,,128,uV
Alzehiemers_patient23,Alzehiemers/eyes-closed/patient23,1,Alzehiemers_patient23,,128,uV
Alzehiemers_patient24,Alzehiemers/eyes-closed/patient24,1,Alzehiemers_patient24,,128,uV
Alzehiemers_patient25,Alzehiemers/eyes-closed/patient25,1,Alzehiemers_patient25,,128,uV
Alzehiemers_patient26,Alzehiemers/eyes-closed/patient26,1,Alzehiemers_patient26,,128,uV
Alzehiemers_patient27,Alzehiemers/eyes-closed/patient27,1,Alzehiemers_patient27,,128,uV
Alzehiemers_patient28,Alzehiemers/eyes-closed/patient28,1,Alzehiemers_patient28,,128,uV
Alzehiemers_patient29,Alzehiemers/eyes-closed/patient29,1,Alzehiemers_patient29,,128,uV
Alzehiemers_patient3,Alzehiemers/eyes-closed/patient3,1,Alzehiemers_patient3,,128,uV
Alzehiemers_patient30,Alzehiemers/eyes-closed/patient30,1,Alzehiemers_patient30,,128,uV
Alzehiemers_patient31,Alzehiemers/eyes-closed/patient31,1,Alzehiemers_patient31,,128,uV
Alzehiemers_patient32,Alzehiemers/eyes-closed/patient32,1,Alzehiemers_patient32,,128,uV
Alzehiemers_patient33,Alzehiemers/eyes-closed/patient33,1,Alzehiemers_patient33,,128,uV
Alzehiemers_patient34,Alzehiemers/eyes-closed/patient34,1,Alzehiemers_patient34,,128,uV
Alzehiemers_patient35,Alzehiemers/eyes-closed/patient35,1,Alzehiemers_patient35,,128,uV
Alzehiemers_patient36,Alzehiemers/eyes-closed/patient36,1,Alzehiemers_patient36,,128,uV
Alzehiemers_patient37,Alzehiemers/eyes-closed/patient37,1,Alzehiemers_patient37,,128,uV
Alzehiemers_patient38,Alzehiemers/eyes-closed/patient38,1,Alzehiemers_patient38,,128,uV
Alzehiemers_patient39,Alzehiemers/eyes-closed/patient39,1,Alzehiemers_patient39,,128,uV
Alzehiemers_patient4,Alzehiemers/eyes-closed/patient4,1,Alzehiemers_patient4,,128,uV
Alzehiemers_patient40,Alzehiemers/eyes-closed/patient40,1,Alzehiemers_patient40,,128,uV
Alzehiemers_patient41,Alzehiemers/eyes-closed/patient41,1,Alzehiemers_patient41,,128,uV
Alzehiemers_patient42,Alzehiemers/eyes-closed/patient42,1,Alzehiemers_patient42,,128,uV
Alzehiemers_patient43,Alzehiemers/eyes-closed/patient43,1,Alzehiemers_patient43,,128,uV
Alzehiemers_patient44,Alzehiemers/eyes-closed/patient44,1,Alzehiemers_patient44,,128,uV
Alzehiemers_patient45,Alzehiemers/eyes-closed/patient45,1,Alzehiemers_patient45,,128,uV
Alzehiemers_patient46,Alzehiemers/eyes-closed/patient46,1,Alzehiemers_patient46,,128,uV
Alzehiemers_patient47,Alzehiemers/eyes-closed/patient47,1,Alzehiemers_patient47,,128,uV
Alzehiemers_patient48,Alzehiemers/eyes-closed/patient48,1,Alzehiemers_patient48,,128,uV
Alzehiemers_patient49,Alzehiemers/eyes-closed/patient49,1,Alzehiemers_patient49,,128,uV
Alzehiemers_patient5,Alzehiemers/eyes-closed/patient5,1,Alzehiemers_patient5,,128,uV
Alzehiemers_patient50,Alzehiemers/eyes-closed/patient50,1,Alzehiemers_patient50,,128,uV
Alzehiemers_patient51,Alzehiemers/eyes-closed/patient51,1,Alzehiemers_patient51,,128,uV
Alzehiemers_patient52,Alzehiemers/eyes-closed/patient52,1,Alzehiemers_patient52,,128,uV
Alzehiemers_patient53,Alzehiemers/eyes-closed/patient53,1,Alzehiemers_patient53,,128,uV
Alzehiemers_patient54,Alzehiemers/eyes-closed/patient54,1,Alzehiemers_patient54,,128,uV
Alzehiemers_patient55,Alzehiemers/eyes-closed/patient55,1,Alzehiemers_patient55,,128,uV
Alzehiemers_patient56,Alzehiemers/eyes-closed/patient56,1,Alzehiemers_patient56,,128,uV
Alzehiemers_patient57,Alzehiemers/eyes-closed/patient57,1,Alzehiemers_patient57,,128,uV
Alzehiemers_patient58,Alzehiemers/eyes-closed/patient58,1,Alzehiemers_patient58,,128,uV
Alzehiemers_patient59,Alzehiemers/eyes-closed/patient59,1,Alzehiemers_patient59,,128,uV
Alzehiemers_patient6,Alzehiemers/eyes-closed/patient6,1,Alzehiemers_patient6,,128,uV
Alzehiemers_patient60,Alzehiemers/eyes-closed/patient60,1,Alzehiemers_patient60,,128,uV
Alzehiemers_patient61,Alzehiemers/eyes-closed/patient61,1,Alzehiemers_patient61,,128,uV
Alzehiemers_patient62,Alzehiemers/eyes-closed/patient62,1,Alzehiemers_patient62,,128,uV
Alzehiemers_patient63,Alzehiemers/eyes-closed/patient63,1,Alzehiemers_patient63,,128,uV
Alzehiemers_patient64,Alzehiemers/eyes-closed/patient64,1,Alzehiemers_patient64,,128,uV
Alzehiemers_patient65,Alzehiemers/eyes-closed/patient65,1,Alzehiemers_patient65,,128,uV
Alzehiemers_patient66,Alzehiemers/eyes-closed/patient66,1,Alzehiemers_patient66,,128,uV
Alzehiemers_patient67,Alzehiemers/eyes-closed/patient67,1,Alzehiemers_patient67,,128,uV
Alzehiemers_patient68,Alzehiemers/eyes-closed/patient68,1,Alzehiemers_patient68,,128,uV
Alzehiemers_patient69,Alzehiemers/eyes-closed/patient69,1,Alzehiemers_patient69,,128,uV
Alzehiemers_patient7,Alzehiemers/eyes-closed/patient7,1,Alzehiemers_patient7,,128,uV
Alzehiemers_patient70,Alzehiemers/eyes-closed/patient70,1,Alzehiemers_patient70,,128,uV
Alzehiemers_patient71,Alzehiemers/eyes-closed/patient71,1,Alzehiemers_patient71,,128,uV
Alzehiemers_patient72,Alzehiemers/eyes-closed/patient72,1,Alzehiemers_patient72,,128,uV
Alzehiemers_patient73,Alzehiemers/eyes-closed/patient73,1,Alzehiemers_patient73,,128,uV
Alzehiemers_patient74,Alzehiemers/eyes-closed/patient74,1,Alzehiemers_patient74,,128,uV
Alzehiemers_patient75,Alzehiemers/eyes-closed/patient75,1,Alzehiemers_patient75,,128,uV
Alzehiemers_patient76,Alzehiemers/eyes-closed/patient76,1,Alzehiemers_patient76,,128,uV
Alzehiemers_patient77,Alzehiemers/eyes-closed/patient77,1,Alzehiemers_patient77,,128,uV
Alzehiemers_patient78,Alzehiemers/eyes-closed/patient78,1,Alzehiemers_patient78,,128,uV
Alzehiemers_patient79,Alzehiemers/eyes-closed/patient79,1,Alzehiemers_patient79,,128,uV
Alzehiemers_patient8,Alzehiemers/eyes-closed/patient8,1,Alzehiemers_patient8,,128,uV
Alzehiemers_patient80,Alzehiemers/eyes-closed/patient80,1,Alzehiemers_patient80,,128,uV
Alzehiemers_patient81,Alzehiemers/eyes-closed/patient81,1,Alzehiemers_patient81,,128,uV
Alzehiemers_patient82,Alzehiemers/eyes-closed/patient82,1,Alzehiemers_patient82,,128,uV
Alzehiemers_patient83,Alzehiemers/eyes-closed/patient83,1,Alzehiemers_patient83,,128,uV
Alzehiemers_patient84,Alzehiemers/eyes-closed/patient84,1,Alzehiemers_patient84,,128,uV
Alzehiemers_patient85,Alzehiemers/eyes-closed/patient85,1,Alzehiemers_patient85,,128,uV
Alzehiemers_patient86,Alzehiemers/eyes-closed/patient86,1,Alzehiemers_patient86,,128,uV
Alzehiemers_patient87,Alzehiemers/eyes-closed/patient87,1,Alzehiemers_patient87,,128,uV
Alzehiemers_patient88,Alzehiemers/eyes-closed/patient88,1,Alzehiemers_patient88,,128,uV
Alzehiemers_patient89,Alzehiemers/eyes-closed/patient89,1,Alzehiemers_patient89,,128,uV
Alzehiemers_patient9,Alzehiemers/eyes-closed/patient9,1,Alzehiemers_patient9,,128,uV
Alzehiemers_patient90,Alzehiemers/eyes-closed/patient90,1,Alzehiemers_patient90,,128,uV
Alzehiemers_patient91,Alzehiemers/eyes-closed/patient91,1,Alzehiemers_patient91,,128,uV
Alzehiemers_patient92,Alzehiemers/eyes-closed/patient92,1,Alzehiemers_patient92,,128,uV
Alzehiemers_patient93,Alzehiemers/eyes-closed/patient93,1,Alzehiemers_patient93,,128,uV
Alzehiemers_patient94,Alzehiemers/eyes-closed/patient94,1,Alzehiemers_patient94,,128,uV
Alzehiemers_patient95,Alzehiemers/eyes-closed/patient95,1,Alzehiemers_patient95,,128,uV
Alzehiemers_patient96,Alzehiemers/eyes-closed/patient96,1,Alzehiemers_patient96,,128,uV
Alzehiemers_patient97,Alzehiemers/eyes-closed/patient97,1,Alzehiemers_patient97,,128,uV
Alzehiemers_patient98,Alzehiemers/eyes-closed/patient98,1,Alzehiemers_patient98,,128,uV
Alzehiemers_patient99,Alzehiemers/eyes-closed/patient99,1,Alzehiemers_patient99,,128,uV
Healthy_patient1,Healthy/eyes-closed/patient1,0,Healthy_patient1,,128,uV
Healthy_patient10,Healthy/eyes-closed/patient10,0,Healthy_patient10,,128,uV
Healthy_patient100,Healthy/eyes-closed/patient100,0,Healthy_patient100,,128,uV
Healthy_patient101,Healthy/eyes-closed/patient101,0,Healthy_patient101,,128,uV
Healthy_patient102,Healthy/eyes-closed/patient102,0,Healthy_patient102,,128,uV
Healthy_patient103,Healthy/eyes-closed/patient103,0,Healthy_patient103,,128,uV
Healthy_patient104,Healthy/eyes-closed/patient104,0,Healthy_patient104,,128,uV
Healthy_patient105,Healthy/eyes-closed/patient105,0,Healthy_patient105,,128,uV
Healthy_patient106,Healthy/eyes-closed/patient106,0,Healthy_patient106,,128,uV
Healthy_patient107,Healthy/eyes-closed/patient107,0,Healthy_patient107,,128,uV
Healthy_patient108,Healthy/eyes-closed/patient108,0,Healthy_patient108,,128,uV
Healthy_patient109,Healthy/eyes-closed/patient109,0,Healthy_patient109,,128,uV
Healthy_patient11,Healthy/eyes-closed/patient11,0,Healthy_patient11,,128,uV
Healthy_patient110,Healthy/eyes-closed/patient110,0,Healthy_patient110,,128,uV
Healthy_patient111,Healthy/eyes-closed/patient111,0,Healthy_patient111,,128,uV
Healthy_patient112,Healthy/eyes-closed/patient112,0,Healthy_patient112,,128,uV
Healthy_patient113,Healthy/eyes-closed/patient113,0,Healthy_patient113,,128,uV
Healthy_patient114,Healthy/eyes-closed/patient114,0,Healthy_patient114,,128,uV
Healthy_patient115,Healthy/eyes-closed/patient115,0,Healthy_patient115,,128,uV
Healthy_patient116,Healthy/eyes-closed/patient116,0,Healthy_patient116,,128,uV
Healthy_patient12,Healthy/eyes-closed/patient12,0,Healthy_patient12,,128,uV
Healthy_patient13,Healthy/eyes-closed/patient13,0,Healthy_patient13,,128,uV
Healthy_patient14,Healthy/eyes-closed/patient14,0,Healthy_patient14,,128,uV
Healthy_patient15,Healthy/eyes-closed/patient15,0,Healthy_patient15,,128,uV
Healthy_patient16,Healthy/eyes-closed/patient16,0,Healthy_patient16,,128,uV
Healthy_patient17,Healthy/eyes-closed/patient17,0,Healthy_patient17,,128,uV
Healthy_patient18,Healthy/eyes-closed/patient18,0,Healthy_patient18,,128,uV
Healthy_patient19,Healthy/eyes-closed/patient19,0,Healthy_patient19,,128,uV
Healthy_patient2,Healthy/eyes-closed/patient2,0,Healthy_patient2,,128,uV
Healthy_patient20,Healthy/eyes-closed/patient20,0,Healthy_patient20,,128,uV
Healthy_patient21,Healthy/eyes-closed/patient21,0,Healthy_patient21,,128,uV
Healthy_patient22,Healthy/eyes-closed/patient22,0,Healthy_patient22,,128,uV
Healthy_patient23,Healthy/eyes-closed/patient23,0,Healthy_patient23,,128,uV
Healthy_patient24,Healthy/eyes-closed/patient24,0,Healthy_patient24,,128,uV
Healthy_patient25,Healthy/eyes-closed/patient25,0,Healthy_patient25,,128,uV
Healthy_patient26,Healthy/eyes-closed/patient26,0,Healthy_patient26,,128,uV
Healthy_patient27,Healthy/eyes-closed/patient27,0,Healthy_patient27,,128,uV
Healthy_patient28,Healthy/eyes-closed/patient28,0,Healthy_patient28,,128,uV
Healthy_patient29,Healthy/eyes-closed/patient29,0,Healthy_patient29,,128,uV
Healthy_patient3,Healthy/eyes-closed/patient3,0,Healthy_patient3,,128,uV
Healthy_patient30,Healthy/eyes-closed/patient30,0,Healthy_patient30,,128,uV
Healthy_patient31,Healthy/eyes-closed/patient31,0,Healthy_patient31,,128,uV
Healthy_patient32,Healthy/eyes-closed/patient32,0,Healthy_patient32,,128,uV
Healthy_patient33,Healthy/eyes-closed/patient33,0,Healthy_patient33,,128,uV
Healthy_patient34,Healthy/eyes-closed/patient34,0,Healthy_patient34,,128,uV
Healthy_patient35,Healthy/eyes-closed/patient35,0,Healthy_patient35,,128,uV
Healthy_patient36,Healthy/eyes-closed/patient36,0,Healthy_patient36,,128,uV
Healthy_patient37,Healthy/eyes-closed/patient37,0,Healthy_patient37,,128,uV
Healthy_patient38,Healthy/eyes-closed/patient38,0,Healthy_patient38,,128,uV
Healthy_patient39,Healthy/eyes-closed/patient39,0,Healthy_patient39,,128,uV
Healthy_patient4,Healthy/eyes-closed/patient4,0,Healthy_patient4,,128,uV
Healthy_patient40,Healthy/eyes-closed/patient40,0,Healthy_patient40,,128,uV
Healthy_patient41,Healthy/eyes-closed/patient41,0,Healthy_patient41,,128,uV
Healthy_patient42,Healthy/eyes-closed/patient42,0,Healthy_patient42,,128,uV
Healthy_patient43,Healthy/eyes-closed/patient43,0,Healthy_patient43,,128,uV
Healthy_patient44,Healthy/eyes-closed/patient44,0,Healthy_patient44,,128,uV
Healthy_patient45,Healthy/eyes-closed/patient45,0,Healthy_patient45,,128,uV
Healthy_patient46,Healthy/eyes-closed/patient46,0,Healthy_patient46,,128,uV
Healthy_patient47,Healthy/eyes-closed/patient47,0,Healthy_patient47,,128,uV
Healthy_patient48,Healthy/eyes-closed/patient48,0,Healthy_patient48,,128,uV
Healthy_patient49,Healthy/eyes-closed/patient49,0,Healthy_patient49,,128,uV
Healthy_patient5,Healthy/eyes-closed/patient5,0,Healthy_patient5,,128,uV
Healthy_patient50,Healthy/eyes-closed/patient50,0,Healthy_patient50,,128,uV
Healthy_patient51,Healthy/eyes-closed/patient51,0,Healthy_patient51,,128,uV
Healthy_patient52,Healthy/eyes-closed/patient52,0,Healthy_patient52,,128,uV
Healthy_patient53,Healthy/eyes-closed/patient53,0,Healthy_patient53,,128,uV
Healthy_patient54,Healthy/eyes-closed/patient54,0,Healthy_patient54,,128,uV
Healthy_patient55,Healthy/eyes-closed/patient55,0,Healthy_patient55,,128,uV
Healthy_patient56,Healthy/eyes-closed/patient56,0,Healthy_patient56,,128,uV
Healthy_patient57,Healthy/eyes-closed/patient57,0,Healthy_patient57,,128,uV
Healthy_patient58,Healthy/eyes-closed/patient58,0,Healthy_patient58,,128,uV
Healthy_patient59,Healthy/eyes-closed/patient59,0,Healthy_patient59,,128,uV
Healthy_patient6,Healthy/eyes-closed/patient6,0,Healthy_patient6,,128,uV
Healthy_patient60,Healthy/eyes-closed/patient60,0,Healthy_patient60,,128,uV
Healthy_patient61,Healthy/eyes-closed/patient61,0,Healthy_patient61,,128,uV
Healthy_patient62,Healthy/eyes-closed/patient62,0,Healthy_patient62,,128,uV
Healthy_patient63,Healthy/eyes-closed/patient63,0,Healthy_patient63,,128,uV
Healthy_patient64,Healthy/eyes-closed/patient64,0,Healthy_patient64,,128,uV
Healthy_patient65,Healthy/eyes-closed/patient65,0,Healthy_patient65,,128,uV
Healthy_patient66,Healthy/eyes-closed/patient66,0,Healthy_patient66,,128,uV
Healthy_patient67,Healthy/eyes-closed/patient67,0,Healthy_patient67,,128,uV
Healthy_patient68,Healthy/eyes-closed/patient68,0,Healthy_patient68,,128,uV
Healthy_patient69,Healthy/eyes-closed/patient69,0,Healthy_patient69,,128,uV
Healthy_patient7,Healthy/eyes-closed/patient7,0,Healthy_patient7,,128,uV
Healthy_patient70,Healthy/eyes-closed/patient70,0,Healthy_patient70,,128,uV
Healthy_patient71,Healthy/eyes-closed/patient71,0,Healthy_patient71,,128,uV
Healthy_patient72,Healthy/eyes-closed/patient72,0,Healthy_patient72,,128,uV
Healthy_patient73,Healthy/eyes-closed/patient73,0,Healthy_patient73,,128,uV
Healthy_patient74,Healthy/eyes-closed/patient74,0,Healthy_patient74,,128,uV
Healthy_patient75,Healthy/eyes-closed/patient75,0,Healthy_patient75,,128,uV
Healthy_patient76,Healthy/eyes-closed/patient76,0,Healthy_patient76,,128,uV
Healthy_patient77,Healthy/eyes-closed/patient77,0,Healthy_patient77,,128,uV
Healthy_patient78,Healthy/eyes-closed/patient78,0,Healthy_patient78,,128,uV
Healthy_patient79,Healthy/eyes-closed/patient79,0,Healthy_patient79,,128,uV
Healthy_patient8,Healthy/eyes-closed/patient8,0,Healthy_patient8,,128,uV
Healthy_patient80,Healthy/eyes-closed/patient80,0,Healthy_patient80,,128,uV
Healthy_patient81,Healthy/eyes-closed/patient81,0,Healthy_patient81,,128,uV
Healthy_patient82,Healthy/eyes-closed/patient82,0,Healthy_patient82,,128,uV
Healthy_patient83,Healthy/eyes-closed/patient83,0,Healthy_patient83,,128,uV
Healthy_patient84,Healthy/eyes-closed/patient84,0,Healthy_patient84,,128,uV
Healthy_patient85,Healthy/eyes-closed/patient85,0,Healthy_patient85,,128,uV
Healthy_patient86,Healthy/eyes-closed/patient86,0,Healthy_patient86,,128,uV
Healthy_patient87,Healthy/eyes-closed/patient87,0,Healthy_patient87,,128,uV
Healthy_patient88,Healthy/eyes-closed/patient88,0,Healthy_patient88,,128,uV
Healthy_patient89,Healthy/eyes-closed/patient89,0,Healthy_patient89,,128,uV
Healthy_patient9,Healthy/eyes-closed/patient9,0,Healthy_patient9,,128,uV
Healthy_patient90,Healthy/eyes-closed/patient90,0,Healthy_patient90,,128,uV
Healthy_patient91,Healthy/eyes-closed/patient91,0,Healthy_patient91,,128,uV
Healthy_patient92,Healthy/eyes-closed/patient92,0,Healthy_patient92,,128,uV
Healthy_patient93,Healthy/eyes-closed/patient93,0,Healthy_patient93,,128,uV
Healthy_patient94,Healthy/eyes-closed/patient94,0,Healthy_patient94,,128,uV
Healthy_patient95,Healthy/eyes-closed/patient95,0,Healthy_patient95,,128,uV
Healthy_patient96,Healthy/eyes-closed/patient96,0,Healthy_patient96,,128,uV
Healthy_patient97,Healthy/eyes-closed/patient97,0,Healthy_patient97,,128,uV
Healthy_patient98,Healthy/eyes-closed/patient98,0,Healthy_patient98,,128,uV
Healthy_patient99,Healthy/eyes-closed/patient99,0,Healthy_patient99,,128,uV
