subject,channel_a,channel_b,correlation,exact_equal
Alzehiemers/eyes-closed/patient8,C3,C4,0.9955229364566872,False
Alzehiemers/eyes-closed/patient8,C3,Cz,0.9902246213747813,False
Alzehiemers/eyes-closed/patient8,C3,F3,0.9911128459240928,False
Alzehiemers/eyes-closed/patient8,C3,F4,0.9979034270881922,False
Alzehiemers/eyes-closed/patient8,C3,F8,0.9900922599171293,False
Alzehiemers/eyes-closed/patient8,C3,Fp1,0.9931520675961492,False
Alzehiemers/eyes-closed/patient8,C3,Fp2,0.9814635659113433,False
Alzehiemers/eyes-closed/patient8,C3,Fz,0.9951718942178627,False
Alzehiemers/eyes-closed/patient8,C3,P3,0.9910457114715648,False
Alzehiemers/eyes-closed/patient8,C3,Pz,0.9934730803728605,False
Alzehiemers/eyes-closed/patient8,C3,T3,0.9829777544243021,False
Alzehiemers/eyes-closed/patient8,C3,T5,0.9803108455145079,False
Alzehiemers/eyes-closed/patient8,C4,Cz,0.9858547748974349,False
Alzehiemers/eyes-closed/patient8,C4,F3,0.9890625379188637,False
Alzehiemers/eyes-closed/patient8,C4,F4,0.994934133744053,False
Alzehiemers/eyes-closed/patient8,C4,F8,0.9840326496496956,False
Alzehiemers/eyes-closed/patient8,C4,Fp1,0.9940056900205482,False
Alzehiemers/eyes-closed/patient8,C4,Fz,0.9886271143424468,False
Alzehiemers/eyes-closed/patient8,C4,P3,0.9830603571169122,False
Alzehiemers/eyes-closed/patient8,C4,Pz,0.987694675578974,False
Alzehiemers/eyes-closed/patient8,Cz,F3,0.9852034542891532,False
Alzehiemers/eyes-closed/patient8,Cz,F4,0.9887999401647949,False
Alzehiemers/eyes-closed/patient8,Cz,F8,0.9812238277220333,False
Alzehiemers/eyes-closed/patient8,Cz,Fp1,0.9817464934393987,False
Alzehiemers/eyes-closed/patient8,Cz,Fz,0.9857455434313264,False
Alzehiemers/eyes-closed/patient8,Cz,Pz,0.9848092124736961,False
Alzehiemers/eyes-closed/patient8,F3,F4,0.9902267816770463,False
Alzehiemers/eyes-closed/patient8,F3,F8,0.9842933752467498,False
Alzehiemers/eyes-closed/patient8,F3,Fp1,0.988063478614665,False
Alzehiemers/eyes-closed/patient8,F3,Fz,0.9815730462586755,False
Alzehiemers/eyes-closed/patient8,F3,Pz,0.9808454233416126,False
Alzehiemers/eyes-closed/patient8,F4,F8,0.9898068027500854,False
Alzehiemers/eyes-closed/patient8,F4,Fp1,0.9944294012425545,False
Alzehiemers/eyes-closed/patient8,F4,Fp2,0.9828928666721496,False
Alzehiemers/eyes-closed/patient8,F4,Fz,0.9937791480149388,False
Alzehiemers/eyes-closed/patient8,F4,P3,0.9872885469556711,False
Alzehiemers/eyes-closed/patient8,F4,Pz,0.9921353691818157,False
Alzehiemers/eyes-closed/patient8,F4,T3,0.9806914905586087,False
Alzehiemers/eyes-closed/patient8,F8,Fp1,0.984758999974895,False
Alzehiemers/eyes-closed/patient8,F8,Fz,0.9833076588476061,False
Alzehiemers/eyes-closed/patient8,F8,P3,0.9808115854478606,False
Alzehiemers/eyes-closed/patient8,F8,Pz,0.9843808117402483,False
Alzehiemers/eyes-closed/patient8,Fp1,Fp2,0.9825735769622661,False
Alzehiemers/eyes-closed/patient8,Fp1,Fz,0.987651166728714,False
Alzehiemers/eyes-closed/patient8,Fp1,Pz,0.9856009488242817,False
Alzehiemers/eyes-closed/patient8,Fz,P3,0.9916655608513434,False
Alzehiemers/eyes-closed/patient8,Fz,Pz,0.992683288953996,False
Alzehiemers/eyes-closed/patient8,P3,Pz,0.9883935299780781,False
Alzehiemers/eyes-closed/patient8,P3,T3,0.985473923371211,False
Alzehiemers/eyes-closed/patient11,C3,F3,0.9934288056644981,False
Alzehiemers/eyes-closed/patient11,C3,F7,0.9918257963107758,False
Alzehiemers/eyes-closed/patient11,C3,Fz,0.9904060498036401,False
Alzehiemers/eyes-closed/patient11,C3,O1,0.9928675522455116,False
Alzehiemers/eyes-closed/patient11,C3,T4,0.9935752878091808,False
Alzehiemers/eyes-closed/patient11,C4,Cz,0.9911852382418248,False
Alzehiemers/eyes-closed/patient11,F3,F7,0.9870531318973162,False
Alzehiemers/eyes-closed/patient11,F3,Fz,0.9915126658827972,False
Alzehiemers/eyes-closed/patient11,F3,O1,0.9865218259097845,False
Alzehiemers/eyes-closed/patient11,F3,T4,0.988270304172767,False
Alzehiemers/eyes-closed/patient11,F7,Fz,0.9853708602898174,False
Alzehiemers/eyes-closed/patient11,F7,O1,0.9874124508233552,False
Alzehiemers/eyes-closed/patient11,F7,T4,0.9858762807215807,False
Alzehiemers/eyes-closed/patient11,Fz,O1,0.9820567443819577,False
Alzehiemers/eyes-closed/patient11,Fz,T4,0.9858827247958385,False
Alzehiemers/eyes-closed/patient11,O1,P3,0.9871456490076423,False
Alzehiemers/eyes-closed/patient11,O1,T4,0.9919410505813495,False
Alzehiemers/eyes-closed/patient14,C3,Cz,0.9965318576557757,False
Alzehiemers/eyes-closed/patient14,C3,F3,0.9968504943210865,False
Alzehiemers/eyes-closed/patient14,C3,P3,0.9962356669084309,False
Alzehiemers/eyes-closed/patient14,C3,P4,0.9952710889996896,False
Alzehiemers/eyes-closed/patient14,C3,Pz,0.9930490700197676,False
Alzehiemers/eyes-closed/patient14,C3,T3,0.9928300641393385,False
Alzehiemers/eyes-closed/patient14,C3,T4,0.9918553356755421,False
Alzehiemers/eyes-closed/patient14,C3,T5,0.9945565656156635,False
Alzehiemers/eyes-closed/patient14,C4,Cz,0.9868223253971647,False
Alzehiemers/eyes-closed/patient14,C4,F3,0.9816393951012843,False
Alzehiemers/eyes-closed/patient14,C4,Fz,0.9818309685148571,False
Alzehiemers/eyes-closed/patient14,C4,P3,0.9840032746966781,False
Alzehiemers/eyes-closed/patient14,C4,P4,0.9860772400041766,False
Alzehiemers/eyes-closed/patient14,C4,Pz,0.9866354187829132,False
Alzehiemers/eyes-closed/patient14,C4,T3,0.982507028574388,False
Alzehiemers/eyes-closed/patient14,C4,T4,0.9836045587502409,False
Alzehiemers/eyes-closed/patient14,C4,T5,0.9852540469359613,False
Alzehiemers/eyes-closed/patient14,Cz,F3,0.9973589223069195,False
Alzehiemers/eyes-closed/patient14,Cz,F7,0.9804773786577942,False
Alzehiemers/eyes-closed/patient14,Cz,Fz,0.9890041505379732,False
Alzehiemers/eyes-closed/patient14,Cz,P3,0.9973991810419319,False
Alzehiemers/eyes-closed/patient14,Cz,P4,0.9986020854090452,False
Alzehiemers/eyes-closed/patient14,Cz,Pz,0.9982522260576193,False
Alzehiemers/eyes-closed/patient14,Cz,T3,0.9951887183241345,False
Alzehiemers/eyes-closed/patient14,Cz,T4,0.9970084255605002,False
Alzehiemers/eyes-closed/patient14,Cz,T5,0.9978491717877789,False
Alzehiemers/eyes-closed/patient14,F3,F7,0.9805580567379568,False
Alzehiemers/eyes-closed/patient14,F3,Fz,0.9824649324438997,False
Alzehiemers/eyes-closed/patient14,F3,P3,0.994434362444577,False
Alzehiemers/eyes-closed/patient14,F3,P4,0.9967773946873736,False
Alzehiemers/eyes-closed/patient14,F3,Pz,0.9955364004763584,False
Alzehiemers/eyes-closed/patient14,F3,T3,0.9913654373032735,False
Alzehiemers/eyes-closed/patient14,F3,T4,0.994816675683847,False
Alzehiemers/eyes-closed/patient14,F3,T5,0.9946810613397243,False
Alzehiemers/eyes-closed/patient14,F7,Fz,0.9827234191823138,False
Alzehiemers/eyes-closed/patient14,F7,T3,0.9805872706836362,False
Alzehiemers/eyes-closed/patient14,Fz,P3,0.982951637937873,False
Alzehiemers/eyes-closed/patient14,Fz,P4,0.9860340678635677,False
Alzehiemers/eyes-closed/patient14,Fz,Pz,0.9901163715438643,False
Alzehiemers/eyes-closed/patient14,Fz,T3,0.9833376143909708,False
Alzehiemers/eyes-closed/patient14,Fz,T4,0.9891501564198691,False
Alzehiemers/eyes-closed/patient14,Fz,T5,0.9868267474186173,False
Alzehiemers/eyes-closed/patient14,Fz,T6,0.9851455780404447,False
Alzehiemers/eyes-closed/patient14,O1,P3,0.9813246663142273,False
Alzehiemers/eyes-closed/patient14,O1,P4,0.9820018374774528,False
Alzehiemers/eyes-closed/patient14,O1,Pz,0.980894401802621,False
Alzehiemers/eyes-closed/patient14,O1,T5,0.9894065501235932,False
Alzehiemers/eyes-closed/patient14,P3,P4,0.9955560779958527,False
Alzehiemers/eyes-closed/patient14,P3,Pz,0.994350250709534,False
Alzehiemers/eyes-closed/patient14,P3,T3,0.9949350626325769,False
Alzehiemers/eyes-closed/patient14,P3,T4,0.9930955155637268,False
Alzehiemers/eyes-closed/patient14,P3,T5,0.9968017931359301,False
Alzehiemers/eyes-closed/patient14,P4,Pz,0.9988569112193051,False
Alzehiemers/eyes-closed/patient14,P4,T3,0.9923624833401706,False
Alzehiemers/eyes-closed/patient14,P4,T4,0.9969908525925631,False
Alzehiemers/eyes-closed/patient14,P4,T5,0.9977060631893061,False
Alzehiemers/eyes-closed/patient14,Pz,T3,0.990891338706672,False
Alzehiemers/eyes-closed/patient14,Pz,T4,0.9972961843232614,False
Alzehiemers/eyes-closed/patient14,Pz,T5,0.9972169111754776,False
Alzehiemers/eyes-closed/patient14,T3,T4,0.9902642482703758,False
Alzehiemers/eyes-closed/patient14,T3,T5,0.9939076545153108,False
Alzehiemers/eyes-closed/patient14,T4,T5,0.9951428753714171,False
Alzehiemers/eyes-closed/patient16,Fp1,Fp2,0.9831202527443369,False
Alzehiemers/eyes-closed/patient17,C3,Fz,0.9814627901914751,False
Alzehiemers/eyes-closed/patient17,C3,Pz,0.9800667287074565,False
Alzehiemers/eyes-closed/patient17,C3,T5,0.9831131186559376,False
Alzehiemers/eyes-closed/patient29,C3,T3,0.9827203854527593,False
Alzehiemers/eyes-closed/patient29,C4,Pz,0.985048973107976,False
Alzehiemers/eyes-closed/patient31,C3,C4,0.9976802620007214,False
Alzehiemers/eyes-closed/patient31,C3,Cz,0.9981723316328359,False
Alzehiemers/eyes-closed/patient31,C3,F3,0.9981397337365893,False
Alzehiemers/eyes-closed/patient31,C3,F4,0.987423173849404,False
Alzehiemers/eyes-closed/patient31,C3,F7,0.9952563413905828,False
Alzehiemers/eyes-closed/patient31,C3,Fp1,0.9901966047895207,False
Alzehiemers/eyes-closed/patient31,C3,Fp2,0.9916302479786305,False
Alzehiemers/eyes-closed/patient31,C3,Fz,0.9982049971044025,False
Alzehiemers/eyes-closed/patient31,C3,O1,0.9966345281159256,False
Alzehiemers/eyes-closed/patient31,C3,P3,0.9874516484997938,False
Alzehiemers/eyes-closed/patient31,C3,P4,0.997921039034084,False
Alzehiemers/eyes-closed/patient31,C3,Pz,0.9974217002700495,False
Alzehiemers/eyes-closed/patient31,C3,T3,0.9989933798515499,False
Alzehiemers/eyes-closed/patient31,C3,T4,0.9978572253569103,False
Alzehiemers/eyes-closed/patient31,C3,T5,0.989992672107144,False
Alzehiemers/eyes-closed/patient31,C3,T6,0.9922026363511264,False
Alzehiemers/eyes-closed/patient31,C4,Cz,0.9971219543003654,False
Alzehiemers/eyes-closed/patient31,C4,F3,0.9972469101950501,False
Alzehiemers/eyes-closed/patient31,C4,F4,0.9867826434221165,False
Alzehiemers/eyes-closed/patient31,C4,F7,0.9948985917978238,False
Alzehiemers/eyes-closed/patient31,C4,Fp1,0.9883986314658675,False
Alzehiemers/eyes-closed/patient31,C4,Fp2,0.9916266048195554,False
Alzehiemers/eyes-closed/patient31,C4,Fz,0.9978051213841681,False
Alzehiemers/eyes-closed/patient31,C4,O1,0.996424598025354,False
Alzehiemers/eyes-closed/patient31,C4,P3,0.984661475447687,False
Alzehiemers/eyes-closed/patient31,C4,P4,0.9976922726087647,False
Alzehiemers/eyes-closed/patient31,C4,Pz,0.9941766942472211,False
Alzehiemers/eyes-closed/patient31,C4,T3,0.9975563111188822,False
Alzehiemers/eyes-closed/patient31,C4,T4,0.996972923383381,False
Alzehiemers/eyes-closed/patient31,C4,T5,0.9915927782773203,False
Alzehiemers/eyes-closed/patient31,C4,T6,0.989657081671506,False
Alzehiemers/eyes-closed/patient31,Cz,F3,0.9975108314141976,False
Alzehiemers/eyes-closed/patient31,Cz,F4,0.9873221589524204,False
Alzehiemers/eyes-closed/patient31,Cz,F7,0.9949922368568836,False
Alzehiemers/eyes-closed/patient31,Cz,Fp1,0.9888447675070717,False
Alzehiemers/eyes-closed/patient31,Cz,Fp2,0.9912845127973617,False
Alzehiemers/eyes-closed/patient31,Cz,Fz,0.9983308827194786,False
Alzehiemers/eyes-closed/patient31,Cz,O1,0.9959646574067816,False
Alzehiemers/eyes-closed/patient31,Cz,P3,0.9866537572982362,False
Alzehiemers/eyes-closed/patient31,Cz,P4,0.9969467894189548,False
Alzehiemers/eyes-closed/patient31,Cz,Pz,0.9967396428331156,False
Alzehiemers/eyes-closed/patient31,Cz,T3,0.9983970365643648,False
Alzehiemers/eyes-closed/patient31,Cz,T4,0.9965934898946529,False
Alzehiemers/eyes-closed/patient31,Cz,T5,0.9885887593783866,False
Alzehiemers/eyes-closed/patient31,Cz,T6,0.9906538098463517,False
Alzehiemers/eyes-closed/patient31,F3,F4,0.985139968246911,False
Alzehiemers/eyes-closed/patient31,F3,F7,0.9948814639738655,False
Alzehiemers/eyes-closed/patient31,F3,Fp1,0.990122736974511,False
Alzehiemers/eyes-closed/patient31,F3,Fp2,0.9918240484771125,False
Alzehiemers/eyes-closed/patient31,F3,Fz,0.9981040445130154,False
Alzehiemers/eyes-closed/patient31,F3,O1,0.9959766311334907,False
Alzehiemers/eyes-closed/patient31,F3,P3,0.9851706489686608,False
Alzehiemers/eyes-closed/patient31,F3,P4,0.9972224921138827,False
Alzehiemers/eyes-closed/patient31,F3,Pz,0.9952103465785418,False
Alzehiemers/eyes-closed/patient31,F3,T3,0.9977126295075505,False
Alzehiemers/eyes-closed/patient31,F3,T4,0.9969776814319009,False
Alzehiemers/eyes-closed/patient31,F3,T5,0.9907880845851937,False
Alzehiemers/eyes-closed/patient31,F3,T6,0.9895596045695586,False
Alzehiemers/eyes-closed/patient31,F4,F7,0.9839081228951913,False
Alzehiemers/eyes-closed/patient31,F4,Fp2,0.9840238805136836,False
Alzehiemers/eyes-closed/patient31,F4,Fz,0.9883883200750848,False
Alzehiemers/eyes-closed/patient31,F4,O1,0.9837097442702829,False
Alzehiemers/eyes-closed/patient31,F4,P4,0.986732765477604,False
Alzehiemers/eyes-closed/patient31,F4,Pz,0.9874202263670246,False
Alzehiemers/eyes-closed/patient31,F4,T3,0.9878033095357667,False
Alzehiemers/eyes-closed/patient31,F4,T4,0.9866074550643216,False
Alzehiemers/eyes-closed/patient31,F4,T6,0.9814631848187995,False
Alzehiemers/eyes-closed/patient31,F7,Fp1,0.9900494436427516,False
Alzehiemers/eyes-closed/patient31,F7,Fp2,0.988767233708553,False
Alzehiemers/eyes-closed/patient31,F7,Fz,0.995249856354458,False
Alzehiemers/eyes-closed/patient31,F7,O1,0.9937557705837224,False
Alzehiemers/eyes-closed/patient31,F7,P3,0.9849675101361477,False
Alzehiemers/eyes-closed/patient31,F7,P4,0.9947306887651305,False
Alzehiemers/eyes-closed/patient31,F7,Pz,0.9929436002282747,False
Alzehiemers/eyes-closed/patient31,F7,T3,0.9960713315777299,False
Alzehiemers/eyes-closed/patient31,F7,T4,0.9942823324164801,False
Alzehiemers/eyes-closed/patient31,F7,T5,0.9873084065133466,False
Alzehiemers/eyes-closed/patient31,F7,T6,0.9876732383708579,False
Alzehiemers/eyes-closed/patient31,Fp1,Fp2,0.9835747385078477,False
Alzehiemers/eyes-closed/patient31,Fp1,Fz,0.9895840844112732,False
Alzehiemers/eyes-closed/patient31,Fp1,O1,0.9863354388694158,False
Alzehiemers/eyes-closed/patient31,Fp1,P4,0.9871281217386165,False
Alzehiemers/eyes-closed/patient31,Fp1,Pz,0.9862015708535254,False
Alzehiemers/eyes-closed/patient31,Fp1,T3,0.9895474146079983,False
Alzehiemers/eyes-closed/patient31,Fp1,T4,0.9881355853876039,False
Alzehiemers/eyes-closed/patient31,Fp1,T5,0.9800518041194182,False
Alzehiemers/eyes-closed/patient31,Fp1,T6,0.9812703397979318,False
Alzehiemers/eyes-closed/patient31,Fp2,Fz,0.9929626173631232,False
Alzehiemers/eyes-closed/patient31,Fp2,O1,0.9894684650860764,False
Alzehiemers/eyes-closed/patient31,Fp2,P4,0.9920980165600987,False
Alzehiemers/eyes-closed/patient31,Fp2,Pz,0.9879269660290458,False
Alzehiemers/eyes-closed/patient31,Fp2,T3,0.99175287352622,False
Alzehiemers/eyes-closed/patient31,Fp2,T4,0.9911651442754289,False
Alzehiemers/eyes-closed/patient31,Fp2,T5,0.9844792948983655,False
Alzehiemers/eyes-closed/patient31,Fp2,T6,0.9835166033988315,False
Alzehiemers/eyes-closed/patient31,Fz,O1,0.9957692800491945,False
Alzehiemers/eyes-closed/patient31,Fz,P3,0.9852633945227499,False
Alzehiemers/eyes-closed/patient31,Fz,P4,0.9975486388598593,False
Alzehiemers/eyes-closed/patient31,Fz,Pz,0.9959615722828575,False
Alzehiemers/eyes-closed/patient31,Fz,T3,0.9982465372561148,False
Alzehiemers/eyes-closed/patient31,Fz,T4,0.9970329145178217,False
Alzehiemers/eyes-closed/patient31,Fz,T5,0.9902589003975536,False
Alzehiemers/eyes-closed/patient31,Fz,T6,0.9901351335521691,False
Alzehiemers/eyes-closed/patient31,O1,P3,0.9878165568895267,False
Alzehiemers/eyes-closed/patient31,O1,P4,0.9972799544666066,False
Alzehiemers/eyes-closed/patient31,O1,Pz,0.9930450019415449,False
Alzehiemers/eyes-closed/patient31,O1,T3,0.9965012109776853,False
Alzehiemers/eyes-closed/patient31,O1,T4,0.9954547234570363,False
Alzehiemers/eyes-closed/patient31,O1,T5,0.9931065044772684,False
Alzehiemers/eyes-closed/patient31,O1,T6,0.9896530151061352,False
Alzehiemers/eyes-closed/patient31,P3,P4,0.9879472006849638,False
Alzehiemers/eyes-closed/patient31,P3,Pz,0.9877827745557781,False
Alzehiemers/eyes-closed/patient31,P3,T3,0.9878906810649116,False
Alzehiemers/eyes-closed/patient31,P3,T4,0.9847232777814497,False
Alzehiemers/eyes-closed/patient31,P3,T6,0.9826523589899243,False
Alzehiemers/eyes-closed/patient31,P4,Pz,0.9955645158154046,False
Alzehiemers/eyes-closed/patient31,P4,T3,0.9980219878313501,False
Alzehiemers/eyes-closed/patient31,P4,T4,0.9970984990134762,False
Alzehiemers/eyes-closed/patient31,P4,T5,0.9914434869855504,False
Alzehiemers/eyes-closed/patient31,P4,T6,0.9927969856952833,False
Alzehiemers/eyes-closed/patient31,Pz,T3,0.9977253448834006,False
Alzehiemers/eyes-closed/patient31,Pz,T4,0.9962353330145843,False
Alzehiemers/eyes-closed/patient31,Pz,T5,0.9850328459593392,False
Alzehiemers/eyes-closed/patient31,Pz,T6,0.99312761061458,False
Alzehiemers/eyes-closed/patient31,T3,T4,0.9977452957797991,False
Alzehiemers/eyes-closed/patient31,T3,T5,0.9898049018872198,False
Alzehiemers/eyes-closed/patient31,T3,T6,0.9920942749808143,False
Alzehiemers/eyes-closed/patient31,T4,T5,0.9908435638795005,False
Alzehiemers/eyes-closed/patient31,T4,T6,0.9908037337206073,False
Alzehiemers/eyes-closed/patient32,C3,F3,0.9810550917611138,False
Alzehiemers/eyes-closed/patient32,C3,O2,0.9807525089698483,False
Alzehiemers/eyes-closed/patient32,C3,Pz,0.9842282494226217,False
Alzehiemers/eyes-closed/patient32,C3,T3,0.9893726468919984,False
Alzehiemers/eyes-closed/patient32,C4,F4,0.9865168516578969,False
Alzehiemers/eyes-closed/patient32,C4,O1,0.9879357048962332,False
Alzehiemers/eyes-closed/patient32,C4,P3,0.9843663095212587,False
Alzehiemers/eyes-closed/patient32,C4,P4,0.9868990115007937,False
Alzehiemers/eyes-closed/patient32,C4,Pz,0.9833837143648025,False
Alzehiemers/eyes-closed/patient32,C4,T4,0.982136792237678,False
Alzehiemers/eyes-closed/patient32,C4,T5,0.987922389342166,False
Alzehiemers/eyes-closed/patient32,C4,T6,0.9822858419018438,False
Alzehiemers/eyes-closed/patient32,F3,F7,0.9804103962704674,False
Alzehiemers/eyes-closed/patient32,F3,Fz,0.9818090280683283,False
Alzehiemers/eyes-closed/patient32,O1,P3,0.9856239418785737,False
Alzehiemers/eyes-closed/patient32,O1,P4,0.9888683005888089,False
Alzehiemers/eyes-closed/patient32,O1,T5,0.9926517074188512,False
Alzehiemers/eyes-closed/patient32,O1,T6,0.9821961265553687,False
Alzehiemers/eyes-closed/patient32,O2,T3,0.9809879005575548,False
Alzehiemers/eyes-closed/patient32,P3,T5,0.9807663508055812,False
Alzehiemers/eyes-closed/patient32,P4,T5,0.9885571418238354,False
Alzehiemers/eyes-closed/patient32,P4,T6,0.980430228114567,False
Alzehiemers/eyes-closed/patient32,T5,T6,0.9804896744867181,False
Alzehiemers/eyes-closed/patient34,F4,Fz,0.9802942993573563,False
Alzehiemers/eyes-closed/patient34,Fz,Pz,0.9819207435720749,False
Alzehiemers/eyes-closed/patient34,Pz,T5,0.9832194188092602,False
Healthy/eyes-closed/patient2,C4,F3,0.9853774339133381,False
Healthy/eyes-closed/patient2,C4,F4,0.982399830996102,False
Healthy/eyes-closed/patient2,C4,F7,0.986986794222606,False
Healthy/eyes-closed/patient2,C4,F8,0.9827862228063331,False
Healthy/eyes-closed/patient2,C4,Fp2,0.9843389192410317,False
Healthy/eyes-closed/patient2,C4,Fz,0.9912584313648943,False
Healthy/eyes-closed/patient2,C4,T3,0.9880396684778129,False
Healthy/eyes-closed/patient2,C4,T4,0.9872828686256304,False
Healthy/eyes-closed/patient2,F3,F4,0.9848990452172018,False
Healthy/eyes-closed/patient2,F3,F7,0.9874101673319281,False
Healthy/eyes-closed/patient2,F3,F8,0.9874704654205587,False
Healthy/eyes-closed/patient2,F3,Fp2,0.9817434172197602,False
Healthy/eyes-closed/patient2,F3,Fz,0.9888298385563088,False
Healthy/eyes-closed/patient2,F3,T3,0.9865809822826147,False
Healthy/eyes-closed/patient2,F3,T4,0.98752812070105,False
Healthy/eyes-closed/patient2,F4,F7,0.9802262260278243,False
Healthy/eyes-closed/patient2,F4,F8,0.9847906268689363,False
Healthy/eyes-closed/patient2,F4,Fz,0.9862382375881753,False
Healthy/eyes-closed/patient2,F4,T3,0.9813823923048791,False
Healthy/eyes-closed/patient2,F4,T4,0.9835455636574699,False
Healthy/eyes-closed/patient2,F7,F8,0.9854325735358958,False
Healthy/eyes-closed/patient2,F7,Fp1,0.9861356267208125,False
Healthy/eyes-closed/patient2,F7,Fp2,0.98681427334572,False
Healthy/eyes-closed/patient2,F7,Fz,0.990174780365425,False
Healthy/eyes-closed/patient2,F7,T3,0.992216693075513,False
Healthy/eyes-closed/patient2,F7,T4,0.9885610620784914,False
Healthy/eyes-closed/patient2,F8,Fp2,0.9827558422287058,False
Healthy/eyes-closed/patient2,F8,Fz,0.9868731135179162,False
Healthy/eyes-closed/patient2,F8,T3,0.9858811561052453,False
Healthy/eyes-closed/patient2,F8,T4,0.9875239229125405,False
Healthy/eyes-closed/patient2,Fp1,Fp2,0.9883040225680029,False
Healthy/eyes-closed/patient2,Fp1,Fz,0.982345060527323,False
Healthy/eyes-closed/patient2,Fp1,T3,0.9825287666786315,False
Healthy/eyes-closed/patient2,Fp2,Fz,0.9862813170830508,False
Healthy/eyes-closed/patient2,Fp2,T3,0.985894317146268,False
Healthy/eyes-closed/patient2,Fp2,T4,0.9842405426509446,False
Healthy/eyes-closed/patient2,Fz,T3,0.989264163073004,False
Healthy/eyes-closed/patient2,Fz,T4,0.9901925912512766,False
Healthy/eyes-closed/patient2,T3,T4,0.9898013226495076,False
Healthy/eyes-closed/patient4,C3,C4,0.9943517502350344,False
Healthy/eyes-closed/patient4,C3,Cz,0.9916929201029396,False
Healthy/eyes-closed/patient4,C3,Fz,0.9842059641389646,False
Healthy/eyes-closed/patient4,C3,P3,0.9938324032009408,False
Healthy/eyes-closed/patient4,C3,P4,0.9939991083828069,False
Healthy/eyes-closed/patient4,C3,Pz,0.9955231894914666,False
Healthy/eyes-closed/patient4,C4,Cz,0.9826334912188417,False
Healthy/eyes-closed/patient4,C4,Fz,0.9853309922951706,False
Healthy/eyes-closed/patient4,C4,P3,0.9884176920956573,False
Healthy/eyes-closed/patient4,C4,P4,0.9876201747102386,False
Healthy/eyes-closed/patient4,C4,Pz,0.9883944884086657,False
Healthy/eyes-closed/patient4,Cz,P3,0.9860590479662124,False
Healthy/eyes-closed/patient4,Cz,P4,0.9881922379265177,False
Healthy/eyes-closed/patient4,Cz,Pz,0.9891324211449508,False
Healthy/eyes-closed/patient4,F3,F4,0.9845741286324342,False
Healthy/eyes-closed/patient4,P3,P4,0.9920808556858539,False
Healthy/eyes-closed/patient4,P3,Pz,0.9923282831233804,False
Healthy/eyes-closed/patient4,P4,Pz,0.9950512592792287,False
Healthy/eyes-closed/patient4,T3,T5,0.9800653727969924,False
Healthy/eyes-closed/patient9,C3,Cz,0.9816264751225009,False
Healthy/eyes-closed/patient9,C3,P4,0.9837127540363027,False
Healthy/eyes-closed/patient9,F4,F8,0.9847798171123172,False
Healthy/eyes-closed/patient9,P4,T3,0.9810505144658972,False
Healthy/eyes-closed/patient12,C3,C4,0.9891779059336266,False
Healthy/eyes-closed/patient12,C3,Cz,0.9892457345385,False
Healthy/eyes-closed/patient12,C3,F3,0.995433210155532,False
Healthy/eyes-closed/patient12,C3,F4,0.9913822638907099,False
Healthy/eyes-closed/patient12,C3,F7,0.9936414191471501,False
Healthy/eyes-closed/patient12,C3,F8,0.9882860673943502,False
Healthy/eyes-closed/patient12,C3,Fp2,0.9825197073763287,False
Healthy/eyes-closed/patient12,C3,Fz,0.9898666047561785,False
Healthy/eyes-closed/patient12,C3,T3,0.9927427923428654,False
Healthy/eyes-closed/patient12,C4,Cz,0.9972287753394199,False
Healthy/eyes-closed/patient12,C4,F3,0.9904035049472116,False
Healthy/eyes-closed/patient12,C4,F4,0.9892075634809683,False
Healthy/eyes-closed/patient12,C4,F7,0.9894916813523581,False
Healthy/eyes-closed/patient12,C4,F8,0.9919710824184338,False
Healthy/eyes-closed/patient12,C4,Fp2,0.987137230790989,False
Healthy/eyes-closed/patient12,C4,Fz,0.9923871828556263,False
Healthy/eyes-closed/patient12,C4,T3,0.9962645470386455,False
Healthy/eyes-closed/patient12,Cz,F3,0.9886997481237891,False
Healthy/eyes-closed/patient12,Cz,F4,0.9857734515541136,False
Healthy/eyes-closed/patient12,Cz,F7,0.9882941168785662,False
Healthy/eyes-closed/patient12,Cz,F8,0.9895727896281366,False
Healthy/eyes-closed/patient12,Cz,Fp2,0.9854999492019594,False
Healthy/eyes-closed/patient12,Cz,Fz,0.9929849349088246,False
Healthy/eyes-closed/patient12,Cz,T3,0.9966460116119956,False
Healthy/eyes-closed/patient12,F3,F4,0.9927366887531677,False
Healthy/eyes-closed/patient12,F3,F7,0.9947180073889285,False
Healthy/eyes-closed/patient12,F3,F8,0.9896856399126754,False
Healthy/eyes-closed/patient12,F3,Fp1,0.9800220490033198,False
Healthy/eyes-closed/patient12,F3,Fp2,0.9862415535049031,False
Healthy/eyes-closed/patient12,F3,Fz,0.9912085339965268,False
Healthy/eyes-closed/patient12,F3,T3,0.9934499265847517,False
Healthy/eyes-closed/patient12,F4,F7,0.9916199618307763,False
Healthy/eyes-closed/patient12,F4,F8,0.9905469797838973,False
Healthy/eyes-closed/patient12,F4,Fp2,0.9859968642614598,False
Healthy/eyes-closed/patient12,F4,Fz,0.9893491984458163,False
Healthy/eyes-closed/patient12,F4,T3,0.9906571840253001,False
Healthy/eyes-closed/patient12,F7,F8,0.990711245668752,False
Healthy/eyes-closed/patient12,F7,Fp1,0.9834740642413531,False
Healthy/eyes-closed/patient12,F7,Fp2,0.9897104323739738,False
Healthy/eyes-closed/patient12,F7,Fz,0.9902913071827241,False
Healthy/eyes-closed/patient12,F7,T3,0.9936047688122003,False
Healthy/eyes-closed/patient12,F8,Fp1,0.9817600877607459,False
Healthy/eyes-closed/patient12,F8,Fp2,0.9913928140370962,False
Healthy/eyes-closed/patient12,F8,Fz,0.9917106614048641,False
Healthy/eyes-closed/patient12,F8,T3,0.993141304963737,False
Healthy/eyes-closed/patient12,Fp1,Fp2,0.9891096989473782,False
Healthy/eyes-closed/patient12,Fp2,Fz,0.986342942649565,False
Healthy/eyes-closed/patient12,Fp2,T3,0.9876462844319902,False
Healthy/eyes-closed/patient12,Fz,T3,0.9940011494976042,False
Healthy/eyes-closed/patient17,Cz,Fz,0.9927073018712375,False
Healthy/eyes-closed/patient17,O1,O2,0.9835922143775003,False
Healthy/eyes-closed/patient37,O1,O2,0.9828155867073723,False
Healthy/eyes-closed/patient45,C3,C4,-0.9826259693968097,False
Healthy/eyes-closed/patient48,C3,C4,-0.9849015052234461,False
Healthy/eyes-closed/patient50,C3,C4,-0.9944439989062481,False
Healthy/eyes-closed/patient53,C3,C4,-0.9931028932907956,False
Healthy/eyes-closed/patient73,C3,C4,-0.9803269806830082,False
Healthy/eyes-closed/patient73,F4,Fp2,0.9938448532290654,False
Healthy/eyes-closed/patient78,C3,C4,-0.9841689411467562,False
Healthy/eyes-closed/patient86,C3,C4,-0.9887375326267941,False
Healthy/eyes-closed/patient88,C3,C4,-0.9853870183151217,False
Healthy/eyes-closed/patient99,C3,C4,-0.9914646675034101,False
Healthy/eyes-closed/patient106,C3,C4,-0.9826516748884905,False
Healthy/eyes-closed/patient108,C3,C4,-0.9838991745859194,False
Healthy/eyes-closed/patient110,C3,C4,-0.9858656863483567,False
Healthy/eyes-closed/patient111,C3,C4,-0.9865092142540429,False
Healthy/eyes-closed/patient114,C3,C4,-0.9852104551586526,False
Healthy/eyes-closed/patient115,C3,C4,-0.9803664663339521,False
Healthy/eyes-closed/patient116,C3,C4,-0.9929171854329966,False
