subject,start_sample,end_sample_exclusive,length
Alzehiemers/eyes-closed/patient5,14408,14440,32
Alzehiemers/eyes-closed/patient5,15110,15142,32
Alzehiemers/eyes-closed/patient5,15812,15844,32
Alzehiemers/eyes-closed/patient8,6201,6232,31
Alzehiemers/eyes-closed/patient8,7282,7314,32
Alzehiemers/eyes-closed/patient8,90236,90267,31
Alzehiemers/eyes-closed/patient8,91564,91595,31
Alzehiemers/eyes-closed/patient8,92653,92684,31
Alzehiemers/eyes-closed/patient12,0,98,98
Alzehiemers/eyes-closed/patient12,18747,18778,31
Alzehiemers/eyes-closed/patient12,19596,19628,32
Alzehiemers/eyes-closed/patient13,0,122,122
Alzehiemers/eyes-closed/patient13,72772,72804,32
Alzehiemers/eyes-closed/patient13,74137,74169,32
Alzehiemers/eyes-closed/patient13,74827,74858,31
Alzehiemers/eyes-closed/patient14,0,126,126
Alzehiemers/eyes-closed/patient14,106612,106643,31
Alzehiemers/eyes-closed/patient14,108748,108779,31
Alzehiemers/eyes-closed/patient14,109273,109304,31
Alzehiemers/eyes-closed/patient15,0,129,129
Alzehiemers/eyes-closed/patient15,90753,90784,31
Alzehiemers/eyes-closed/patient15,91863,91894,31
Alzehiemers/eyes-closed/patient15,93374,93406,32
Alzehiemers/eyes-closed/patient16,0,122,122
Alzehiemers/eyes-closed/patient16,4922,4954,32
Alzehiemers/eyes-closed/patient16,6921,6953,32
Alzehiemers/eyes-closed/patient16,7700,7731,31
Alzehiemers/eyes-closed/patient16,74632,74664,32
Alzehiemers/eyes-closed/patient16,76259,76291,32
Alzehiemers/eyes-closed/patient16,77764,77796,32
Alzehiemers/eyes-closed/patient16,106669,106700,31
Alzehiemers/eyes-closed/patient16,109525,109556,31
Alzehiemers/eyes-closed/patient17,0,126,126
Alzehiemers/eyes-closed/patient17,7558,7589,31
Alzehiemers/eyes-closed/patient17,8196,8228,32
Alzehiemers/eyes-closed/patient17,50093,50124,31
Alzehiemers/eyes-closed/patient17,51104,51135,31
Alzehiemers/eyes-closed/patient17,76164,76195,31
Alzehiemers/eyes-closed/patient17,80220,80251,31
Alzehiemers/eyes-closed/patient18,0,122,122
Alzehiemers/eyes-closed/patient18,13968,14000,32
Alzehiemers/eyes-closed/patient18,14544,14576,32
Alzehiemers/eyes-closed/patient19,0,128,128
Alzehiemers/eyes-closed/patient20,0,129,129
Alzehiemers/eyes-closed/patient20,65973,66005,32
Alzehiemers/eyes-closed/patient20,66645,66676,31
Alzehiemers/eyes-closed/patient20,67333,67364,31
Alzehiemers/eyes-closed/patient21,0,127,127
Alzehiemers/eyes-closed/patient21,16825,16856,31
Alzehiemers/eyes-closed/patient21,17389,17420,31
Alzehiemers/eyes-closed/patient21,18077,18108,31
Alzehiemers/eyes-closed/patient21,92641,92672,31
Alzehiemers/eyes-closed/patient21,95408,95439,31
Alzehiemers/eyes-closed/patient22,0,130,130
Alzehiemers/eyes-closed/patient22,24811,24843,32
Alzehiemers/eyes-closed/patient22,33112,33143,31
Alzehiemers/eyes-closed/patient22,33839,33871,32
Alzehiemers/eyes-closed/patient22,36172,36203,31
Alzehiemers/eyes-closed/patient22,38012,38044,32
Alzehiemers/eyes-closed/patient22,45666,45697,31
Alzehiemers/eyes-closed/patient22,49269,49300,31
Alzehiemers/eyes-closed/patient22,52988,53019,31
Alzehiemers/eyes-closed/patient22,58618,58649,31
Alzehiemers/eyes-closed/patient22,80665,80696,31
Alzehiemers/eyes-closed/patient22,82999,83030,31
Alzehiemers/eyes-closed/patient23,0,130,130
Alzehiemers/eyes-closed/patient23,91349,91380,31
Alzehiemers/eyes-closed/patient23,96923,96955,32
Alzehiemers/eyes-closed/patient24,0,126,126
Alzehiemers/eyes-closed/patient24,409,441,32
Alzehiemers/eyes-closed/patient24,952,983,31
Alzehiemers/eyes-closed/patient24,1303,1334,31
Alzehiemers/eyes-closed/patient25,0,120,120
Alzehiemers/eyes-closed/patient25,18469,18501,32
Alzehiemers/eyes-closed/patient25,20742,20773,31
Alzehiemers/eyes-closed/patient25,21634,21665,31
Alzehiemers/eyes-closed/patient27,3742,3774,32
Alzehiemers/eyes-closed/patient27,4523,4554,31
Alzehiemers/eyes-closed/patient27,96346,96378,32
Alzehiemers/eyes-closed/patient27,98716,98747,31
Alzehiemers/eyes-closed/patient28,81629,81658,29
Alzehiemers/eyes-closed/patient28,85064,85092,28
Alzehiemers/eyes-closed/patient29,20511,20542,31
Alzehiemers/eyes-closed/patient29,21148,21179,31
Alzehiemers/eyes-closed/patient29,22046,22077,31
Alzehiemers/eyes-closed/patient30,44257,44288,31
Alzehiemers/eyes-closed/patient30,45646,45677,31
Alzehiemers/eyes-closed/patient32,7897,7929,32
Alzehiemers/eyes-closed/patient32,8659,8690,31
Alzehiemers/eyes-closed/patient32,9673,9705,32
Alzehiemers/eyes-closed/patient32,68129,68160,31
Alzehiemers/eyes-closed/patient32,73238,73269,31
Alzehiemers/eyes-closed/patient32,76646,76677,31
Alzehiemers/eyes-closed/patient32,78625,78656,31
Alzehiemers/eyes-closed/patient32,81324,81355,31
Alzehiemers/eyes-closed/patient32,84362,84393,31
Alzehiemers/eyes-closed/patient32,90362,90394,32
Alzehiemers/eyes-closed/patient32,92737,92768,31
Alzehiemers/eyes-closed/patient32,93846,93877,31
Alzehiemers/eyes-closed/patient34,3400,3431,31
Alzehiemers/eyes-closed/patient34,3936,3967,31
Alzehiemers/eyes-closed/patient34,100428,100459,31
Alzehiemers/eyes-closed/patient34,106396,106427,31
Healthy/eyes-closed/patient7,82336,82367,31
Healthy/eyes-closed/patient7,83154,83185,31
Healthy/eyes-closed/patient7,84286,84317,31
Healthy/eyes-closed/patient9,22245,22276,31
Healthy/eyes-closed/patient9,22900,22932,32
Healthy/eyes-closed/patient9,27204,27236,32
Healthy/eyes-closed/patient9,30926,30958,32
Healthy/eyes-closed/patient9,32248,32279,31
Healthy/eyes-closed/patient9,81679,81711,32
Healthy/eyes-closed/patient9,82675,82706,31
Healthy/eyes-closed/patient9,83345,83377,32
Healthy/eyes-closed/patient9,97044,97075,31
Healthy/eyes-closed/patient9,100819,100851,32
Healthy/eyes-closed/patient10,65534,65566,32
Healthy/eyes-closed/patient10,66615,66647,32
Healthy/eyes-closed/patient10,67287,67318,31
Healthy/eyes-closed/patient10,74669,74701,32
Healthy/eyes-closed/patient10,76049,76080,31
Healthy/eyes-closed/patient11,90277,90309,32
Healthy/eyes-closed/patient11,91022,91054,32
Healthy/eyes-closed/patient12,109336,109367,31
Healthy/eyes-closed/patient12,110523,110554,31
Healthy/eyes-closed/patient12,124450,124482,32
Healthy/eyes-closed/patient12,125459,125491,32
Healthy/eyes-closed/patient12,127492,127523,31
Healthy/eyes-closed/patient13,15697,15712,15
Healthy/eyes-closed/patient13,16145,16160,15
Healthy/eyes-closed/patient13,16573,16586,13
Healthy/eyes-closed/patient14,75186,75217,31
Healthy/eyes-closed/patient14,75693,75724,31
Healthy/eyes-closed/patient14,76162,76193,31
Healthy/eyes-closed/patient14,97540,97571,31
Healthy/eyes-closed/patient14,98096,98128,32
Healthy/eyes-closed/patient14,100269,100300,31
Healthy/eyes-closed/patient17,41687,41698,11
Healthy/eyes-closed/patient17,42365,42377,12
Healthy/eyes-closed/patient17,64804,64817,13
Healthy/eyes-closed/patient17,65597,65609,12
Healthy/eyes-closed/patient17,96049,96063,14
Healthy/eyes-closed/patient17,99255,99267,12
Healthy/eyes-closed/patient22,67988,68019,31
Healthy/eyes-closed/patient22,69028,69059,31
Healthy/eyes-closed/patient22,69882,69913,31
Healthy/eyes-closed/patient24,14388,14419,31
Healthy/eyes-closed/patient24,15742,15773,31
Healthy/eyes-closed/patient26,11006,11038,32
Healthy/eyes-closed/patient26,11936,11967,31
Healthy/eyes-closed/patient26,30777,30808,31
Healthy/eyes-closed/patient26,31826,31857,31
Healthy/eyes-closed/patient26,66331,66362,31
Healthy/eyes-closed/patient26,67318,67349,31
Healthy/eyes-closed/patient26,67964,67995,31
Healthy/eyes-closed/patient27,61233,61264,31
Healthy/eyes-closed/patient27,64058,64089,31
Healthy/eyes-closed/patient27,85322,85354,32
Healthy/eyes-closed/patient27,87718,87750,32
Healthy/eyes-closed/patient28,55977,56009,32
Healthy/eyes-closed/patient28,56713,56744,31
Healthy/eyes-closed/patient28,57519,57550,31
