subject,duplicate_group,samples_per_channel,simultaneous_zero_intervals,high_correlation_pairs_abs_gt_098,robust_10sigma_values,max_absolute_value,max_absolute_step,action
Alzehiemers/eyes-closed/patient1,,76775,0,0,774,2858.43983,239.37363000000005,"verify sampling rate, units, source and subject identity"
Alzehiemers/eyes-closed/patient2,,101517,0,0,0,506.247009,356.957856,"verify sampling rate, units, source and subject identity"
Alzehiemers/eyes-closed/patient3,,39309,0,0,0,512.089032,134.835198,"verify sampling rate, units, source and subject identity"
Alzehiemers/eyes-closed/patient4,,90509,0,0,115,2650.40245,704.978595,"verify sampling rate, units, source and subject identity"
Alzehiemers/eyes-closed/patient5,,102925,3,0,925,2058.86225,622.8345939999999,"verify sampling rate, units, source and subject identity; review synchronous zero intervals"
Alzehiemers/eyes-closed/patient6,,81549,0,0,0,586.666743,166.273434,"verify sampling rate, units, source and subject identity"
Alzehiemers/eyes-closed/patient7,,98445,0,0,0,531.166134,153.877949,"verify sampling rate, units, source and subject identity"
Alzehiemers/eyes-closed/patient8,,102285,5,49,159089,6420.91391,6894.18918,"verify sampling rate, units, source and subject identity; review synchronous zero intervals; review common signal and reference"
Alzehiemers/eyes-closed/patient9,,78541,0,0,1026,1421.88949,153.90306300000003,"verify sampling rate, units, source and subject identity"
Alzehiemers/eyes-closed/patient10,,165261,0,0,0,549.582627,306.471322,"verify sampling rate, units, source and subject identity"
Alzehiemers/eyes-closed/patient11,,98765,0,17,83490,5386.59488,4616.84607,"verify sampling rate, units, source and subject identity; review common signal and reference"
Alzehiemers/eyes-closed/patient12,,114983,3,0,63108,5865.58795,7475.305609999999,"verify sampling rate, units, source and subject identity; review synchronous zero intervals"
Alzehiemers/eyes-closed/patient13,,107533,4,0,13520,5770.63058,3310.498892,"verify sampling rate, units, source and subject identity; review synchronous zero intervals"
Alzehiemers/eyes-closed/patient14,,120986,4,62,173556,4815.49807,7463.6078,"verify sampling rate, units, source and subject identity; review synchronous zero intervals; review common signal and reference"
Alzehiemers/eyes-closed/patient15,,116493,4,0,541,3235.28443,389.597865,"verify sampling rate, units, source and subject identity; review synchronous zero intervals"
Alzehiemers/eyes-closed/patient16,,126093,9,1,35843,4449.70954,7472.3293300000005,"verify sampling rate, units, source and subject identity; review synchronous zero intervals; review common signal and reference"
Alzehiemers/eyes-closed/patient17,,108429,7,3,1934,3292.70881,1490.608268,"verify sampling rate, units, source and subject identity; review synchronous zero intervals; review common signal and reference"
Alzehiemers/eyes-closed/patient18,,108429,3,0,489,1534.59039,291.71793099999996,"verify sampling rate, units, source and subject identity; review synchronous zero intervals"
Alzehiemers/eyes-closed/patient19,,117799,1,0,126,1317.28911,300.577139,"verify sampling rate, units, source and subject identity; review synchronous zero intervals"
Alzehiemers/eyes-closed/patient20,,111271,4,0,0,1054.91523,289.91106,"verify sampling rate, units, source and subject identity; review synchronous zero intervals"
Alzehiemers/eyes-closed/patient21,,118183,6,0,0,1330.59009,633.607697,"verify sampling rate, units, source and subject identity; review synchronous zero intervals"
Alzehiemers/eyes-closed/patient22,,105421,12,0,25924,4533.64415,7260.76072,"verify sampling rate, units, source and subject identity; review synchronous zero intervals"
Alzehiemers/eyes-closed/patient23,,110413,3,0,16121,4536.82963,7267.88704,"verify sampling rate, units, source and subject identity; review synchronous zero intervals"
Alzehiemers/eyes-closed/patient24,,98240,4,0,0,922.617274,363.279514,"verify sampling rate, units, source and subject identity; review synchronous zero intervals"
Alzehiemers/eyes-closed/patient25,,89396,4,0,3682,3245.22107,671.805964,"verify sampling rate, units, source and subject identity; review synchronous zero intervals"
Alzehiemers/eyes-closed/patient26,,117428,0,0,1066,2342.06077,714.468518,"verify sampling rate, units, source and subject identity"
Alzehiemers/eyes-closed/patient27,,106356,4,0,8214,4502.08054,7611.9978,"verify sampling rate, units, source and subject identity; review synchronous zero intervals"
Alzehiemers/eyes-closed/patient28,,105792,2,0,0,823.34054,238.94124399999998,"verify sampling rate, units, source and subject identity; review synchronous zero intervals"
Alzehiemers/eyes-closed/patient29,,94810,3,2,15991,6678.90281,6891.979649999999,"verify sampling rate, units, source and subject identity; review synchronous zero intervals; review common signal and reference"
Alzehiemers/eyes-closed/patient30,,71309,2,0,5521,4187.75757,5966.705819999999,"verify sampling rate, units, source and subject identity; review synchronous zero intervals"
Alzehiemers/eyes-closed/patient31,,148071,0,129,79518,3774.05469,2962.249748,"verify sampling rate, units, source and subject identity; review common signal and reference"
Alzehiemers/eyes-closed/patient32,,109428,12,23,3531,3445.65977,2756.7869950000004,"verify sampling rate, units, source and subject identity; review synchronous zero intervals; review common signal and reference"
Alzehiemers/eyes-closed/patient33,,90509,0,0,0,464.815376,196.074104,"verify sampling rate, units, source and subject identity"
Alzehiemers/eyes-closed/patient34,,124276,4,3,8493,4350.91775,7080.73172,"verify sampling rate, units, source and subject identity; review synchronous zero intervals; review common signal and reference"
Alzehiemers/eyes-closed/patient35,,96909,0,0,458,1902.38692,371.01898700000004,"verify sampling rate, units, source and subject identity"
Alzehiemers/eyes-closed/patient36,,109197,0,0,0,598.94867,128.778618,"verify sampling rate, units, source and subject identity"
Alzehiemers/eyes-closed/patient37,,1024,0,0,0,35.513,14.63461,"verify sampling rate, units, source and subject identity; confirm 1024-sample export is complete"
Alzehiemers/eyes-closed/patient38,,1024,0,0,0,29.412001,13.6588,"verify sampling rate, units, source and subject identity; confirm 1024-sample export is complete"
Alzehiemers/eyes-closed/patient39,,1024,0,0,0,38.235001,11.3744,"verify sampling rate, units, source and subject identity; confirm 1024-sample export is complete"
Alzehiemers/eyes-closed/patient40,,1024,0,0,0,26.923,13.6585,"verify sampling rate, units, source and subject identity; confirm 1024-sample export is complete"
Alzehiemers/eyes-closed/patient41,,1024,0,0,0,26.667,24.881,"verify sampling rate, units, source and subject identity; confirm 1024-sample export is complete"
Alzehiemers/eyes-closed/patient42,,1024,0,0,0,35.449001,24.644,"verify sampling rate, units, source and subject identity; confirm 1024-sample export is complete"
Alzehiemers/eyes-closed/patient43,,1024,0,0,0,33.980999,33.176001,"verify sampling rate, units, source and subject identity; confirm 1024-sample export is complete"
Alzehiemers/eyes-closed/patient44,,1024,0,0,0,46.602001,32.227099,"verify sampling rate, units, source and subject identity; confirm 1024-sample export is complete"
Alzehiemers/eyes-closed/patient45,,1024,0,0,0,37.073002,28.4317,"verify sampling rate, units, source and subject identity; confirm 1024-sample export is complete"
Alzehiemers/eyes-closed/patient46,,1024,0,0,0,50.0,24.880000000000003,"verify sampling rate, units, source and subject identity; confirm 1024-sample export is complete"
Alzehiemers/eyes-closed/patient47,,1024,0,0,0,41.175999,25.3661,"verify sampling rate, units, source and subject identity; confirm 1024-sample export is complete"
Alzehiemers/eyes-closed/patient48,,1024,0,0,0,42.926998,22.01,"verify sampling rate, units, source and subject identity; confirm 1024-sample export is complete"
Alzehiemers/eyes-closed/patient49,,1024,0,0,0,61.384998,59.903000000000006,"verify sampling rate, units, source and subject identity; confirm 1024-sample export is complete"
Alzehiemers/eyes-closed/patient50,,1024,0,0,0,63.960999,60.548001,"verify sampling rate, units, source and subject identity; confirm 1024-sample export is complete"
Alzehiemers/eyes-closed/patient51,,1024,0,0,0,73.623001,72.7862,"verify sampling rate, units, source and subject identity; confirm 1024-sample export is complete"
Alzehiemers/eyes-closed/patient52,,1024,0,0,0,55.588001,68.276999,"verify sampling rate, units, source and subject identity; confirm 1024-sample export is complete"
Alzehiemers/eyes-closed/patient53,,1024,0,0,0,40.580002,19.9674,"verify sampling rate, units, source and subject identity; confirm 1024-sample export is complete"
Alzehiemers/eyes-closed/patient54,,1024,0,0,0,47.618999,22.113999999999997,"verify sampling rate, units, source and subject identity; confirm 1024-sample export is complete"
Alzehiemers/eyes-closed/patient55,,1024,0,0,0,45.033001,22.7491,"verify sampling rate, units, source and subject identity; confirm 1024-sample export is complete"
Alzehiemers/eyes-closed/patient56,,1024,0,0,0,42.476002,18.6798,"verify sampling rate, units, source and subject identity; confirm 1024-sample export is complete"
Alzehiemers/eyes-closed/patient57,,1024,0,0,0,48.608002,44.975999,"verify sampling rate, units, source and subject identity; confirm 1024-sample export is complete"
Alzehiemers/eyes-closed/patient58,,1024,0,0,0,34.248001,34.45,"verify sampling rate, units, source and subject identity; confirm 1024-sample export is complete"
Alzehiemers/eyes-closed/patient59,,1024,0,0,0,35.640999,25.838,"verify sampling rate, units, source and subject identity; confirm 1024-sample export is complete"
Alzehiemers/eyes-closed/patient60,,1024,0,0,0,39.423,17.1427,"verify sampling rate, units, source and subject identity; confirm 1024-sample export is complete"
Alzehiemers/eyes-closed/patient61,,1024,0,0,0,60.423,22.3305,"verify sampling rate, units, source and subject identity; confirm 1024-sample export is complete"
Alzehiemers/eyes-closed/patient62,,1024,0,0,0,65.025002,21.255899,"verify sampling rate, units, source and subject identity; confirm 1024-sample export is complete"
Alzehiemers/eyes-closed/patient63,,1024,0,0,0,58.807999,27.185000000000002,"verify sampling rate, units, source and subject identity; confirm 1024-sample export is complete"
Alzehiemers/eyes-closed/patient64,,1024,0,0,0,59.512001,23.301,"verify sampling rate, units, source and subject identity; confirm 1024-sample export is complete"
Alzehiemers/eyes-closed/patient65,,1024,0,0,0,36.019001,35.070801,"verify sampling rate, units, source and subject identity; confirm 1024-sample export is complete"
Alzehiemers/eyes-closed/patient66,,1024,0,0,0,30.917999,32.8507,"verify sampling rate, units, source and subject identity; confirm 1024-sample export is complete"
Alzehiemers/eyes-closed/patient67,,1024,0,0,0,28.285,27.488301,"verify sampling rate, units, source and subject identity; confirm 1024-sample export is complete"
Alzehiemers/eyes-closed/patient68,,1024,0,0,0,25.591999,19.905300999999998,"verify sampling rate, units, source and subject identity; confirm 1024-sample export is complete"
Alzehiemers/eyes-closed/patient69,,1024,0,0,0,29.952,18.6277,"verify sampling rate, units, source and subject identity; confirm 1024-sample export is complete"
Alzehiemers/eyes-closed/patient70,,1024,0,0,0,33.429001,20.0961,"verify sampling rate, units, source and subject identity; confirm 1024-sample export is complete"
Alzehiemers/eyes-closed/patient71,,1024,0,0,0,32.512001,14.4928,"verify sampling rate, units, source and subject identity; confirm 1024-sample export is complete"
Alzehiemers/eyes-closed/patient72,,1024,0,0,0,36.162998,13.6587,"verify sampling rate, units, source and subject identity; confirm 1024-sample export is complete"
Alzehiemers/eyes-closed/patient73,,1024,0,0,0,38.77,20.853501,"verify sampling rate, units, source and subject identity; confirm 1024-sample export is complete"
Alzehiemers/eyes-closed/patient74,,1024,0,0,0,43.414001,19.9052,"verify sampling rate, units, source and subject identity; confirm 1024-sample export is complete"
Alzehiemers/eyes-closed/patient75,,1024,0,0,0,41.212002,20.0961,"verify sampling rate, units, source and subject identity; confirm 1024-sample export is complete"
Alzehiemers/eyes-closed/patient76,AD76-80,1024,0,0,0,26.603001,20.853501,"verify sampling rate, units, source and subject identity; resolve identical patient76-80 recordings before splitting; confirm 1024-sample export is complete"
Alzehiemers/eyes-closed/patient77,AD76-80,1024,0,0,0,26.603001,20.853501,"verify sampling rate, units, source and subject identity; resolve identical patient76-80 recordings before splitting; confirm 1024-sample export is complete"
Alzehiemers/eyes-closed/patient78,AD76-80,1024,0,0,0,26.603001,20.853501,"verify sampling rate, units, source and subject identity; resolve identical patient76-80 recordings before splitting; confirm 1024-sample export is complete"
Alzehiemers/eyes-closed/patient79,AD76-80,1024,0,0,0,26.603001,20.853501,"verify sampling rate, units, source and subject identity; resolve identical patient76-80 recordings before splitting; confirm 1024-sample export is complete"
Alzehiemers/eyes-closed/patient80,AD76-80,1024,0,0,0,26.603001,20.853501,"verify sampling rate, units, source and subject identity; resolve identical patient76-80 recordings before splitting; confirm 1024-sample export is complete"
Alzehiemers/eyes-closed/patient81,,1024,0,0,0,54.042,24.7617,"verify sampling rate, units, source and subject identity; confirm 1024-sample export is complete"
Alzehiemers/eyes-closed/patient82,,1024,0,0,0,72.905998,33.980999,"verify sampling rate, units, source and subject identity; confirm 1024-sample export is complete"
Alzehiemers/eyes-closed/patient83,,1024,0,0,0,66.018997,26.213898999999998,"verify sampling rate, units, source and subject identity; confirm 1024-sample export is complete"
Alzehiemers/eyes-closed/patient84,,1024,0,0,0,62.136002,23.188899999999997,"verify sampling rate, units, source and subject identity; confirm 1024-sample export is complete"
Alzehiemers/eyes-closed/patient85,,1024,0,0,0,28.986,17.5608,"verify sampling rate, units, source and subject identity; confirm 1024-sample export is complete"
Alzehiemers/eyes-closed/patient86,,1024,0,0,0,39.423,27.317301,"verify sampling rate, units, source and subject identity; confirm 1024-sample export is complete"
Alzehiemers/eyes-closed/patient87,,1024,0,0,0,31.884001,21.2558,"verify sampling rate, units, source and subject identity; confirm 1024-sample export is complete"
Alzehiemers/eyes-closed/patient88,,1024,0,0,0,29.320999,18.2696,"verify sampling rate, units, source and subject identity; confirm 1024-sample export is complete"
Alzehiemers/eyes-closed/patient89,,1024,0,0,11,103.919998,34.313609,"verify sampling rate, units, source and subject identity; confirm 1024-sample export is complete"
Alzehiemers/eyes-closed/patient90,,1024,0,0,0,45.098,21.5685,"verify sampling rate, units, source and subject identity; confirm 1024-sample export is complete"
Alzehiemers/eyes-closed/patient91,,1024,0,0,0,50.0,19.704701,"verify sampling rate, units, source and subject identity; confirm 1024-sample export is complete"
Alzehiemers/eyes-closed/patient92,,1024,0,0,0,37.978001,20.588501,"verify sampling rate, units, source and subject identity; confirm 1024-sample export is complete"
Alzehiemers/eyes-closed/patient93,,1024,0,0,0,44.294998,35.897998,"verify sampling rate, units, source and subject identity; confirm 1024-sample export is complete"
Alzehiemers/eyes-closed/patient94,,1024,0,0,0,42.307999,28.846000000000004,"verify sampling rate, units, source and subject identity; confirm 1024-sample export is complete"
Alzehiemers/eyes-closed/patient95,,1024,0,0,0,39.743999,30.769001000000003,"verify sampling rate, units, source and subject identity; confirm 1024-sample export is complete"
Alzehiemers/eyes-closed/patient96,,1024,0,0,0,37.396999,29.488,"verify sampling rate, units, source and subject identity; confirm 1024-sample export is complete"
Alzehiemers/eyes-closed/patient97,,1024,0,0,0,75.765999,90.99499899999999,"verify sampling rate, units, source and subject identity; confirm 1024-sample export is complete"
Alzehiemers/eyes-closed/patient98,,1024,0,0,0,54.912998,64.454898,"verify sampling rate, units, source and subject identity; confirm 1024-sample export is complete"
Alzehiemers/eyes-closed/patient99,,1024,0,0,0,50.731998,47.394001,"verify sampling rate, units, source and subject identity; confirm 1024-sample export is complete"
Alzehiemers/eyes-closed/patient100,,1024,0,0,0,80.383003,112.919002,"verify sampling rate, units, source and subject identity; confirm 1024-sample export is complete"
Alzehiemers/eyes-closed/patient101,,1024,0,0,0,39.741001,35.922999,"verify sampling rate, units, source and subject identity; confirm 1024-sample export is complete"
Alzehiemers/eyes-closed/patient102,,1024,0,0,0,42.254002,31.068001000000002,"verify sampling rate, units, source and subject identity; confirm 1024-sample export is complete"
Alzehiemers/eyes-closed/patient103,,1024,0,0,0,40.825001,36.893,"verify sampling rate, units, source and subject identity; confirm 1024-sample export is complete"
Alzehiemers/eyes-closed/patient104,,1024,0,0,0,43.625,34.951001,"verify sampling rate, units, source and subject identity; confirm 1024-sample export is complete"
Alzehiemers/eyes-closed/patient105,,1024,0,0,0,37.255001,17.733999,"verify sampling rate, units, source and subject identity; confirm 1024-sample export is complete"
Alzehiemers/eyes-closed/patient106,,1024,0,0,0,46.077999,14.286100000000001,"verify sampling rate, units, source and subject identity; confirm 1024-sample export is complete"
Alzehiemers/eyes-closed/patient107,,1024,0,0,0,36.275002,11.707301000000001,"verify sampling rate, units, source and subject identity; confirm 1024-sample export is complete"
Alzehiemers/eyes-closed/patient108,,1024,0,0,0,30.243999,11.483600000000001,"verify sampling rate, units, source and subject identity; confirm 1024-sample export is complete"
Alzehiemers/eyes-closed/patient109,,1024,0,0,0,57.971001,53.984,"verify sampling rate, units, source and subject identity; confirm 1024-sample export is complete"
Alzehiemers/eyes-closed/patient110,,1024,0,0,0,47.960999,93.850998,"verify sampling rate, units, source and subject identity; confirm 1024-sample export is complete"
Alzehiemers/eyes-closed/patient111,,1024,0,0,0,54.243999,54.634302,"verify sampling rate, units, source and subject identity; confirm 1024-sample export is complete"
Alzehiemers/eyes-closed/patient112,,1024,0,0,0,50.886002,54.633999,"verify sampling rate, units, source and subject identity; confirm 1024-sample export is complete"
Alzehiemers/eyes-closed/patient113,,1024,0,0,0,57.561001,29.952,"verify sampling rate, units, source and subject identity; confirm 1024-sample export is complete"
Alzehiemers/eyes-closed/patient114,,1024,0,0,0,55.973999,28.572,"verify sampling rate, units, source and subject identity; confirm 1024-sample export is complete"
Alzehiemers/eyes-closed/patient115,,1024,0,0,0,60.933998,31.579,"verify sampling rate, units, source and subject identity; confirm 1024-sample export is complete"
Alzehiemers/eyes-closed/patient116,,1024,0,0,0,50.176998,32.195001000000005,"verify sampling rate, units, source and subject identity; confirm 1024-sample export is complete"
Healthy/eyes-closed/patient1,,99469,0,0,721,3310.55866,1264.893694,"verify sampling rate, units, source and subject identity"
Healthy/eyes-closed/patient2,,114445,0,39,25343,3323.26266,1571.7405800000001,"verify sampling rate, units, source and subject identity; review common signal and reference"
Healthy/eyes-closed/patient3,,109709,0,0,9865,3292.38171,725.870167,"verify sampling rate, units, source and subject identity"
Healthy/eyes-closed/patient4,,130189,0,19,56848,5797.56674,3449.89554,"verify sampling rate, units, source and subject identity; review common signal and reference"
Healthy/eyes-closed/patient5,,113549,0,0,0,1560.37757,384.033763,"verify sampling rate, units, source and subject identity"
Healthy/eyes-closed/patient6,,124813,0,0,55075,3288.92997,326.130865,"verify sampling rate, units, source and subject identity"
Healthy/eyes-closed/patient7,,106125,3,0,7819,6256.00119,4945.07448,"verify sampling rate, units, source and subject identity; review synchronous zero intervals"
Healthy/eyes-closed/patient8,,112845,0,0,0,1241.86805,172.538545,"verify sampling rate, units, source and subject identity"
Healthy/eyes-closed/patient9,,110426,10,4,7115,4330.86286,7433.98035,"verify sampling rate, units, source and subject identity; review synchronous zero intervals; review common signal and reference"
Healthy/eyes-closed/patient10,,97076,5,0,3725,3448.25925,1247.9224570000001,"verify sampling rate, units, source and subject identity; review synchronous zero intervals"
Healthy/eyes-closed/patient11,,103424,2,0,2335,4320.67218,7467.3593,"verify sampling rate, units, source and subject identity; review synchronous zero intervals"
Healthy/eyes-closed/patient12,,129716,5,49,65465,5030.24916,7281.1169,"verify sampling rate, units, source and subject identity; review synchronous zero intervals; review common signal and reference"
Healthy/eyes-closed/patient13,,100378,3,0,0,905.366569,302.327721,"verify sampling rate, units, source and subject identity; review synchronous zero intervals"
Healthy/eyes-closed/patient14,,105818,6,0,0,2302.77182,913.553313,"verify sampling rate, units, source and subject identity; review synchronous zero intervals"
Healthy/eyes-closed/patient15,,100775,0,0,1259,3290.5179,342.914022,"verify sampling rate, units, source and subject identity"
Healthy/eyes-closed/patient16,,97421,0,0,0,521.223722,167.635358,"verify sampling rate, units, source and subject identity"
Healthy/eyes-closed/patient17,,102311,6,2,39891,4977.64046,7280.60426,"verify sampling rate, units, source and subject identity; review synchronous zero intervals; review common signal and reference"
Healthy/eyes-closed/patient18,,107815,0,0,3558,2054.76727,469.388875,"verify sampling rate, units, source and subject identity"
Healthy/eyes-closed/patient19,,105472,0,0,0,1783.71885,368.153679,"verify sampling rate, units, source and subject identity"
Healthy/eyes-closed/patient20,,113332,0,0,3194,2585.11848,2276.71391,"verify sampling rate, units, source and subject identity"
Healthy/eyes-closed/patient21,,101952,0,0,2187,1954.47907,111.04769099999999,"verify sampling rate, units, source and subject identity"
Healthy/eyes-closed/patient22,,97639,3,0,0,662.791324,216.991059,"verify sampling rate, units, source and subject identity; review synchronous zero intervals"
Healthy/eyes-closed/patient23,,101095,0,0,0,893.906857,138.361167,"verify sampling rate, units, source and subject identity"
Healthy/eyes-closed/patient24,,96192,2,0,212,1492.66607,279.740992,"verify sampling rate, units, source and subject identity; review synchronous zero intervals"
Healthy/eyes-closed/patient25,,103335,0,0,665,3176.64061,339.5426500000001,"verify sampling rate, units, source and subject identity"
Healthy/eyes-closed/patient26,,116749,7,0,451,3204.7682,531.655145,"verify sampling rate, units, source and subject identity; review synchronous zero intervals"
Healthy/eyes-closed/patient27,,103591,4,0,0,795.306228,319.28934399999997,"verify sampling rate, units, source and subject identity; review synchronous zero intervals"
Healthy/eyes-closed/patient28,,108685,3,0,0,1250.99691,476.163766,"verify sampling rate, units, source and subject identity; review synchronous zero intervals"
Healthy/eyes-closed/patient29,,113165,0,0,0,931.75588,377.787491,"verify sampling rate, units, source and subject identity"
Healthy/eyes-closed/patient30,,1024,0,0,0,59.641998,39.394001,"verify sampling rate, units, source and subject identity; confirm 1024-sample export is complete"
Healthy/eyes-closed/patient31,,1024,0,0,0,78.893997,48.804001,"verify sampling rate, units, source and subject identity; confirm 1024-sample export is complete"
Healthy/eyes-closed/patient32,,1024,0,0,0,62.002998,41.37899899999999,"verify sampling rate, units, source and subject identity; confirm 1024-sample export is complete"
Healthy/eyes-closed/patient33,,1024,0,0,0,97.152,124.272003,"verify sampling rate, units, source and subject identity; confirm 1024-sample export is complete"
Healthy/eyes-closed/patient34,,1024,0,0,0,66.218002,37.438002000000004,"verify sampling rate, units, source and subject identity; confirm 1024-sample export is complete"
Healthy/eyes-closed/patient35,,1024,0,0,0,42.372,24.6309,"verify sampling rate, units, source and subject identity; confirm 1024-sample export is complete"
Healthy/eyes-closed/patient36,,1024,0,0,0,55.721001,45.631001,"verify sampling rate, units, source and subject identity; confirm 1024-sample export is complete"
Healthy/eyes-closed/patient37,,1024,0,1,0,35.354,32.039,"verify sampling rate, units, source and subject identity; confirm 1024-sample export is complete; review common signal and reference"
Healthy/eyes-closed/patient38,,1024,0,0,0,60.741001,36.098,"verify sampling rate, units, source and subject identity; confirm 1024-sample export is complete"
Healthy/eyes-closed/patient39,,1024,0,0,0,49.0,23.4146,"verify sampling rate, units, source and subject identity; confirm 1024-sample export is complete"
Healthy/eyes-closed/patient40,,1024,0,0,0,80.911003,43.902001999999996,"verify sampling rate, units, source and subject identity; confirm 1024-sample export is complete"
Healthy/eyes-closed/patient41,,1024,0,0,0,76.253998,31.067899999999998,"verify sampling rate, units, source and subject identity; confirm 1024-sample export is complete"
Healthy/eyes-closed/patient42,,288001,0,0,39385,4070.30292,4167.81149,"verify sampling rate, units, source and subject identity"
Healthy/eyes-closed/patient43,,233730,0,0,112,139.7456,143.2672029,"verify sampling rate, units, source and subject identity"
Healthy/eyes-closed/patient44,,168706,0,0,192,153.950588,263.837948,"verify sampling rate, units, source and subject identity"
Healthy/eyes-closed/patient45,,276609,0,1,1881,1133.07942,2230.23001,"verify sampling rate, units, source and subject identity; review common signal and reference"
Healthy/eyes-closed/patient46,,167682,0,0,855,317.493957,462.18563700000004,"verify sampling rate, units, source and subject identity"
Healthy/eyes-closed/patient47,,131074,0,0,45,100.388663,129.8009571,"verify sampling rate, units, source and subject identity"
Healthy/eyes-closed/patient48,,238964,0,1,914,434.519677,605.50214,"verify sampling rate, units, source and subject identity; review common signal and reference"
Healthy/eyes-closed/patient49,,172162,0,0,220,233.881815,420.444293,"verify sampling rate, units, source and subject identity"
Healthy/eyes-closed/patient50,,157441,0,1,419,441.942994,749.267236,"verify sampling rate, units, source and subject identity; review common signal and reference"
Healthy/eyes-closed/patient51,,125518,0,0,452,514.893926,743.5639639999999,"verify sampling rate, units, source and subject identity"
Healthy/eyes-closed/patient52,,129538,0,0,3162,697.542875,490.443988,"verify sampling rate, units, source and subject identity"
Healthy/eyes-closed/patient53,,211035,0,1,22,180.587459,253.276059,"verify sampling rate, units, source and subject identity; review common signal and reference"
Healthy/eyes-closed/patient54,,167681,0,0,730,2065.75701,3191.55706,"verify sampling rate, units, source and subject identity"
Healthy/eyes-closed/patient55,,119630,0,0,696,322.645613,383.942484,"verify sampling rate, units, source and subject identity"
Healthy/eyes-closed/patient56,,220135,0,0,300,126.826733,162.03376889999998,"verify sampling rate, units, source and subject identity"
Healthy/eyes-closed/patient57,,164481,0,0,11444,2360.05888,2508.55449,"verify sampling rate, units, source and subject identity"
Healthy/eyes-closed/patient58,,175387,0,0,507,883.421644,1601.2059410000002,"verify sampling rate, units, source and subject identity"
Healthy/eyes-closed/patient59,,165633,0,0,1887,1636.74112,3132.9809299999997,"verify sampling rate, units, source and subject identity"
Healthy/eyes-closed/patient60,,173364,0,0,932,604.552138,1020.4351710000001,"verify sampling rate, units, source and subject identity"
Healthy/eyes-closed/patient61,,132482,0,0,28,211.614029,290.770432,"verify sampling rate, units, source and subject identity"
Healthy/eyes-closed/patient62,,157697,0,0,3141,269.348389,372.675213,"verify sampling rate, units, source and subject identity"
Healthy/eyes-closed/patient63,,142722,0,0,130,125.689365,215.651342,"verify sampling rate, units, source and subject identity"
Healthy/eyes-closed/patient64,,137191,0,0,64,254.064219,398.085817,"verify sampling rate, units, source and subject identity"
Healthy/eyes-closed/patient65,,159873,0,0,425,554.891718,446.124376,"verify sampling rate, units, source and subject identity"
Healthy/eyes-closed/patient66,,123803,0,0,1219,590.123104,682.0075360000001,"verify sampling rate, units, source and subject identity"
Healthy/eyes-closed/patient67,,172546,0,0,675,293.538379,439.161036,"verify sampling rate, units, source and subject identity"
Healthy/eyes-closed/patient68,,135937,0,0,1886,1192.15221,2060.175259,"verify sampling rate, units, source and subject identity"
Healthy/eyes-closed/patient69,,155227,0,0,6,186.866009,296.796333,"verify sampling rate, units, source and subject identity"
Healthy/eyes-closed/patient70,,299649,0,0,1088,307.442461,482.816585,"verify sampling rate, units, source and subject identity"
Healthy/eyes-closed/patient71,,164660,0,0,483,135.372107,213.1615895,"verify sampling rate, units, source and subject identity"
Healthy/eyes-closed/patient72,,136257,0,0,20573,875.465247,999.8605220000001,"verify sampling rate, units, source and subject identity"
Healthy/eyes-closed/patient73,,155905,0,2,2632,300.638088,445.09580200000005,"verify sampling rate, units, source and subject identity; review common signal and reference"
Healthy/eyes-closed/patient74,,169601,0,0,201,2817.91058,5470.55292,"verify sampling rate, units, source and subject identity"
Healthy/eyes-closed/patient75,,165889,0,0,10614,1512.62156,1343.471417,"verify sampling rate, units, source and subject identity"
Healthy/eyes-closed/patient76,,147073,0,0,1232,1015.88775,1100.8406850000001,"verify sampling rate, units, source and subject identity"
Healthy/eyes-closed/patient77,,260532,0,0,1672,286.358468,429.555699,"verify sampling rate, units, source and subject identity"
Healthy/eyes-closed/patient78,,137998,0,1,68,304.101025,596.9353100000001,"verify sampling rate, units, source and subject identity; review common signal and reference"
Healthy/eyes-closed/patient79,,127361,0,0,1,95.609548,129.7720576,"verify sampling rate, units, source and subject identity"
Healthy/eyes-closed/patient80,,166311,0,0,1353,534.737837,381.32699,"verify sampling rate, units, source and subject identity"
Healthy/eyes-closed/patient81,,120578,0,0,327,130.321837,191.62605489999999,"verify sampling rate, units, source and subject identity"
Healthy/eyes-closed/patient82,,177922,0,0,326,398.467132,457.05334600000003,"verify sampling rate, units, source and subject identity"
Healthy/eyes-closed/patient83,,168449,0,0,5446,411.124472,678.949052,"verify sampling rate, units, source and subject identity"
Healthy/eyes-closed/patient84,,192002,0,0,74,122.725377,140.4122271,"verify sampling rate, units, source and subject identity"
Healthy/eyes-closed/patient85,,214914,0,0,57,268.050716,471.13137600000005,"verify sampling rate, units, source and subject identity"
Healthy/eyes-closed/patient86,,185473,0,1,174,436.50332,522.9221769999999,"verify sampling rate, units, source and subject identity; review common signal and reference"
Healthy/eyes-closed/patient87,,233857,0,0,403,248.51194,329.8499535,"verify sampling rate, units, source and subject identity"
Healthy/eyes-closed/patient88,,348801,0,1,161,1212.05735,2308.68671,"verify sampling rate, units, source and subject identity; review common signal and reference"
Healthy/eyes-closed/patient89,,177588,0,0,2958,366.831794,334.883107,"verify sampling rate, units, source and subject identity"
Healthy/eyes-closed/patient90,,145230,0,0,792,166.413914,288.509699,"verify sampling rate, units, source and subject identity"
Healthy/eyes-closed/patient91,,161794,0,0,1241,620.325241,483.10277099999996,"verify sampling rate, units, source and subject identity"
Healthy/eyes-closed/patient92,,171266,0,0,3,128.969221,162.05202250000002,"verify sampling rate, units, source and subject identity"
Healthy/eyes-closed/patient93,,256130,0,0,199,145.229463,144.9472527,"verify sampling rate, units, source and subject identity"
Healthy/eyes-closed/patient94,,106242,0,0,65,324.780463,367.0909709,"verify sampling rate, units, source and subject identity"
Healthy/eyes-closed/patient95,,170369,0,0,907,687.347472,422.91153299999996,"verify sampling rate, units, source and subject identity"
Healthy/eyes-closed/patient96,,132199,0,0,7676,499.751203,670.6729789999999,"verify sampling rate, units, source and subject identity"
Healthy/eyes-closed/patient97,,174862,0,0,1289,211.664067,342.033,"verify sampling rate, units, source and subject identity"
Healthy/eyes-closed/patient98,,169857,0,0,511,278.557668,482.83254999999997,"verify sampling rate, units, source and subject identity"
Healthy/eyes-closed/patient99,,170407,0,1,31,518.348662,558.8510368,"verify sampling rate, units, source and subject identity; review common signal and reference"
Healthy/eyes-closed/patient100,,146050,0,0,1229,929.275989,760.346421,"verify sampling rate, units, source and subject identity"
Healthy/eyes-closed/patient101,,172930,0,0,92,196.250596,295.808458,"verify sampling rate, units, source and subject identity"
Healthy/eyes-closed/patient102,,191362,0,0,679,151.453874,255.97661800000003,"verify sampling rate, units, source and subject identity"
Healthy/eyes-closed/patient103,,134657,0,0,2443,812.859528,770.2686017799999,"verify sampling rate, units, source and subject identity"
Healthy/eyes-closed/patient104,,141236,0,0,778,320.853743,522.626762,"verify sampling rate, units, source and subject identity"
Healthy/eyes-closed/patient105,,165250,0,0,29,151.709697,221.5560355,"verify sampling rate, units, source and subject identity"
Healthy/eyes-closed/patient106,,172801,0,1,755,1647.36591,2719.97948,"verify sampling rate, units, source and subject identity; review common signal and reference"
Healthy/eyes-closed/patient107,,170498,0,0,235,583.351485,1023.2680760000001,"verify sampling rate, units, source and subject identity"
Healthy/eyes-closed/patient108,,172802,0,1,1800,1846.78204,2595.141356,"verify sampling rate, units, source and subject identity; review common signal and reference"
Healthy/eyes-closed/patient109,,149377,0,0,1867,1001.518,1031.896015,"verify sampling rate, units, source and subject identity"
Healthy/eyes-closed/patient110,,154625,0,1,496,1229.10026,2054.349,"verify sampling rate, units, source and subject identity; review common signal and reference"
Healthy/eyes-closed/patient111,,312577,0,1,9158,961.016431,1146.774189,"verify sampling rate, units, source and subject identity; review common signal and reference"
Healthy/eyes-closed/patient112,,139163,0,0,2,97.3090762,182.3890646,"verify sampling rate, units, source and subject identity"
Healthy/eyes-closed/patient113,,131585,0,0,606,191.4556,350.57903,"verify sampling rate, units, source and subject identity"
Healthy/eyes-closed/patient114,,169857,0,1,453,726.139015,1197.125457,"verify sampling rate, units, source and subject identity; review common signal and reference"
Healthy/eyes-closed/patient115,,148738,0,1,1115,894.008693,1395.576698,"verify sampling rate, units, source and subject identity; review common signal and reference"
Healthy/eyes-closed/patient116,,233895,0,1,5,235.759681,284.883597,"verify sampling rate, units, source and subject identity; review common signal and reference"
