subject,label,patient,channels,min_n,max_n,lengths_match,total_values,median_channel_std,min_channel_std,max_channel_std,maximum_absolute_value,median_equal_adjacent_fraction,mean_signal_std_ratio
Alzehiemers/eyes-closed/patient1,Alzehiemers,1,19,76775,76775,True,1458725,69.7239491738632,64.29024733775387,215.3443632950698,2858.43983,0.0,0.9172530352383079
Alzehiemers/eyes-closed/patient2,Alzehiemers,2,19,101517,101517,True,1928823,64.58450497680492,59.25793989339307,100.11984378191761,506.247009,0.0,0.9608596925993702
Alzehiemers/eyes-closed/patient3,Alzehiemers,3,19,39309,39309,True,746871,88.64207053981245,66.77047933254681,109.3445348924427,512.089032,0.0,0.8388241790077435
Alzehiemers/eyes-closed/patient4,Alzehiemers,4,19,90509,90509,True,1719671,72.51203247155759,61.20702426645941,173.7598869953295,2650.40245,0.0,0.837048331728147
Alzehiemers/eyes-closed/patient5,Alzehiemers,5,19,102925,102925,True,1955575,110.66260453969414,76.9011101256839,423.8944399884991,2058.86225,0.0009035793400956045,0.9129146174828489
Alzehiemers/eyes-closed/patient6,Alzehiemers,6,19,81549,81549,True,1549431,78.09820106235516,66.18142453580155,101.55192656749303,586.666743,0.0,0.8527969259593606
Alzehiemers/eyes-closed/patient7,Alzehiemers,7,19,98445,98445,True,1870455,76.02654167221708,67.68623528017636,96.41713208618502,531.166134,0.0,0.8187415836868245
Alzehiemers/eyes-closed/patient8,Alzehiemers,8,19,102285,102285,True,1943415,915.1849123392163,877.7338657867211,1109.3241295224918,6420.91391,0.0014860584255602049,0.9907910444911252
Alzehiemers/eyes-closed/patient9,Alzehiemers,9,19,78541,78541,True,1492279,72.35066907401297,61.17059284947784,210.70301152322125,1421.88949,0.0,0.8819915756749922
Alzehiemers/eyes-closed/patient10,Alzehiemers,10,19,165261,165261,True,3139959,76.64583374236409,64.11446506624091,137.58269376997458,549.582627,0.0,0.9236683586528469
Alzehiemers/eyes-closed/patient11,Alzehiemers,11,19,98765,98765,True,1876535,569.9623966671883,539.7238660467966,927.767754212036,5386.59488,0.0,0.944523864986144
Alzehiemers/eyes-closed/patient12,Alzehiemers,12,19,114983,114983,True,2184677,603.7862142405378,498.9138888110465,858.863774405851,5865.58795,0.0013741281244020803,0.8239139500637972
Alzehiemers/eyes-closed/patient13,Alzehiemers,13,19,107533,107533,True,2043127,219.86216009840996,113.52701658176895,493.65257086047734,5770.63058,0.0019808057136480304,0.52614105382916
Alzehiemers/eyes-closed/patient14,Alzehiemers,14,19,120986,120986,True,2298734,857.5459587759591,833.390483348558,1025.413370766259,4815.49807,0.0017770798032813984,0.9864278372196306
Alzehiemers/eyes-closed/patient15,Alzehiemers,15,19,116493,116493,True,2213367,100.04235985776813,91.10641187777713,274.23627321586554,3235.28443,0.0018799574219688906,0.8932347493477018
Alzehiemers/eyes-closed/patient16,Alzehiemers,16,19,126093,126093,True,2395767,255.62248602434966,226.25508004694703,809.6479410440255,4449.70954,0.0029026425149890557,0.8134463064083329
Alzehiemers/eyes-closed/patient17,Alzehiemers,17,19,108429,108429,True,2060151,164.1393921731754,147.14858180692323,400.52378240298043,3292.70881,0.002822149260338658,0.9355172657909868
Alzehiemers/eyes-closed/patient18,Alzehiemers,18,19,108429,108429,True,2060151,83.30347737279936,63.90675625933509,171.51433059369052,1534.59039,0.0016877559302025307,0.7877857050292777
Alzehiemers/eyes-closed/patient19,Alzehiemers,19,19,117799,117799,True,2238181,89.88057068434394,68.8598649219801,219.72161377268014,1317.28911,0.001078116776176166,0.8421189994875025
Alzehiemers/eyes-closed/patient20,Alzehiemers,20,19,111271,111271,True,2114149,124.07722837723993,63.83579629936288,345.1638913848365,1054.91523,0.001968185494742518,0.8797030214203312
Alzehiemers/eyes-closed/patient21,Alzehiemers,21,19,118183,118183,True,2245477,76.49723269202104,60.778737148212315,262.801519222525,1330.59009,0.0023353810224907346,0.8757455111946933
Alzehiemers/eyes-closed/patient22,Alzehiemers,22,19,105421,105421,True,2002999,156.71674789935705,84.40078704601325,670.2685189367784,4533.64415,0.004382470119521913,1.0572388635496532
Alzehiemers/eyes-closed/patient23,Alzehiemers,23,19,110413,110413,True,2097847,105.7246475095481,90.39240106331397,772.908942829433,4536.82963,0.0017208274462920698,0.9243212807064924
Alzehiemers/eyes-closed/patient24,Alzehiemers,24,19,98240,98240,True,1866560,70.81293327892172,64.1079375598162,237.88430183199438,922.617274,0.002198719449505797,0.8960636520848341
Alzehiemers/eyes-closed/patient25,Alzehiemers,25,19,89396,89396,True,1698524,137.49904810374073,101.20241927911775,335.91094317343993,3245.22107,0.0023491246714022035,0.8305398325223879
Alzehiemers/eyes-closed/patient26,Alzehiemers,26,19,117428,117428,True,2231132,97.10285084773474,66.4360623616493,327.1196582892037,2342.06077,0.0,0.8189773708981657
Alzehiemers/eyes-closed/patient27,Alzehiemers,27,19,106356,106356,True,2020764,81.53849110104191,67.1770322547044,786.3052009159837,4502.08054,0.0011565041605942363,1.015814752820209
Alzehiemers/eyes-closed/patient28,Alzehiemers,28,19,105792,105792,True,2010048,77.79708315234231,62.21605036970626,150.76823282806313,823.34054,0.0005766085961943833,0.8427457166858184
Alzehiemers/eyes-closed/patient29,Alzehiemers,29,19,94810,94810,True,1801390,184.82381923854146,172.65544533264128,858.1732257758002,6678.90281,0.0009492769673765149,0.9366784659334477
Alzehiemers/eyes-closed/patient30,Alzehiemers,30,19,71309,71309,True,1354871,91.96354179644212,69.36467959709756,1392.2523543186323,4187.75757,0.0008414203174959331,1.1408123655164288
Alzehiemers/eyes-closed/patient31,Alzehiemers,31,19,148071,148071,True,2813349,443.1014251436828,433.3274743351411,606.986284629626,3774.05469,0.0,0.9970471275437088
Alzehiemers/eyes-closed/patient32,Alzehiemers,32,19,109428,109428,True,2079132,112.43151352861652,110.53826621753716,145.63677733738072,3445.65977,0.003326418525592404,0.9825203304025212
Alzehiemers/eyes-closed/patient33,Alzehiemers,33,19,90509,90509,True,1719671,73.00583881068269,59.91117017739583,93.04861274460005,464.815376,0.0,0.8623519912635682
Alzehiemers/eyes-closed/patient34,Alzehiemers,34,19,124276,124276,True,2361244,215.12296692659143,192.7777420309328,817.498564817906,4350.91775,0.0009656004828002414,0.8853434322783708
Alzehiemers/eyes-closed/patient35,Alzehiemers,35,19,96909,96909,True,1841271,92.13962054208575,79.0593020991384,166.19382031989258,1902.38692,0.0,0.8540997144957374
Alzehiemers/eyes-closed/patient36,Alzehiemers,36,19,109197,109197,True,2074743,68.28076912918992,64.3336361207342,169.5339755497914,598.94867,0.0,0.9342603662521505
Alzehiemers/eyes-closed/patient37,Alzehiemers,37,19,1024,1024,True,19456,6.352698277880911,3.6558596371655057,9.809538111695,35.513,0.14173998044965788,0.6582989816065405
Alzehiemers/eyes-closed/patient38,Alzehiemers,38,19,1024,1024,True,19456,6.0944171550475295,3.7237187985963924,8.484684939132224,29.412001,0.15249266862170088,0.6151128223131807
Alzehiemers/eyes-closed/patient39,Alzehiemers,39,19,1024,1024,True,19456,6.286840409830325,3.5714877473039817,10.332593745099366,38.235001,0.1495601173020528,0.6438740075036945
Alzehiemers/eyes-closed/patient40,Alzehiemers,40,19,1024,1024,True,19456,5.909281262020273,3.855801301625183,7.592701494619384,26.923,0.13098729227761485,0.611753925280594
Alzehiemers/eyes-closed/patient41,Alzehiemers,41,19,1024,1024,True,19456,6.294326626928937,5.777228435062771,7.22691066081125,26.667,0.08602150537634409,0.6089320494472233
Alzehiemers/eyes-closed/patient42,Alzehiemers,42,19,1024,1024,True,19456,7.927793965689629,6.446959069231435,9.902438053038379,35.449001,0.08602150537634409,0.6280923602405291
Alzehiemers/eyes-closed/patient43,Alzehiemers,43,19,1024,1024,True,19456,8.280551957197932,6.580630302151231,9.478032482428878,33.980999,0.08406647116324535,0.6061535817305397
Alzehiemers/eyes-closed/patient44,Alzehiemers,44,19,1024,1024,True,19456,9.039992171159275,8.182017622263595,10.68513293046871,46.602001,0.08406647116324535,0.6151678877316128
Alzehiemers/eyes-closed/patient45,Alzehiemers,45,19,1024,1024,True,19456,8.313251864586324,5.861969700217105,11.207798608426168,37.073002,0.10068426197458455,0.5963479469499587
Alzehiemers/eyes-closed/patient46,Alzehiemers,46,19,1024,1024,True,19456,8.382615768097647,6.084909821611591,11.499641503151876,50.0,0.09579667644183773,0.5943205438591923
Alzehiemers/eyes-closed/patient47,Alzehiemers,47,19,1024,1024,True,19456,8.085542350747245,5.675967626690607,10.918525419141352,41.175999,0.10263929618768329,0.6168467518099013
Alzehiemers/eyes-closed/patient48,Alzehiemers,48,19,1024,1024,True,19456,8.072115800144175,5.907138627585363,10.214682554767043,42.926998,0.10361681329423265,0.6044373222764226
Alzehiemers/eyes-closed/patient49,Alzehiemers,49,19,1024,1024,True,19456,9.03851165430254,7.684225098623149,16.236252605992476,61.384998,0.05083088954056696,0.6859395049856426
Alzehiemers/eyes-closed/patient50,Alzehiemers,50,19,1024,1024,True,19456,7.2164264417454325,6.4912612502867635,15.252557874279326,63.960999,0.05278592375366569,0.6983239384181723
Alzehiemers/eyes-closed/patient51,Alzehiemers,51,19,1024,1024,True,19456,7.902768886947518,6.776986636218982,16.890537848706185,73.623001,0.05083088954056696,0.6710889152823795
Alzehiemers/eyes-closed/patient52,Alzehiemers,52,19,1024,1024,True,19456,8.337210284633182,7.031333926792343,14.716326605093322,55.588001,0.05180840664711633,0.6439973782628086
Alzehiemers/eyes-closed/patient53,Alzehiemers,53,19,1024,1024,True,19456,8.759405276905712,5.313922065784846,10.436434739118956,40.580002,0.06647116324535679,0.605712356784003
Alzehiemers/eyes-closed/patient54,Alzehiemers,54,19,1024,1024,True,19456,8.633913606049509,5.8542504352410685,11.544966181060168,47.618999,0.07526881720430108,0.6505712995576408
Alzehiemers/eyes-closed/patient55,Alzehiemers,55,19,1024,1024,True,19456,8.797453774185955,5.954111468890408,11.268020090063777,45.033001,0.06744868035190615,0.610396199909082
Alzehiemers/eyes-closed/patient56,Alzehiemers,56,19,1024,1024,True,19456,8.433146093339854,5.4385989467171285,10.625412087131254,42.476002,0.07038123167155426,0.6200101139103064
Alzehiemers/eyes-closed/patient57,Alzehiemers,57,19,1024,1024,True,19456,8.203868608620908,5.696869963351186,11.30674445239016,48.608002,0.08699902248289346,0.6961872011122353
Alzehiemers/eyes-closed/patient58,Alzehiemers,58,19,1024,1024,True,19456,8.262394074186297,4.825624723089238,10.283277631796372,34.248001,0.08602150537634409,0.6376141387956149
Alzehiemers/eyes-closed/patient59,Alzehiemers,59,19,1024,1024,True,19456,7.9878592596274425,5.197316096172317,10.568883994021581,35.640999,0.08504398826979472,0.6181322371377577
Alzehiemers/eyes-closed/patient60,Alzehiemers,60,19,1024,1024,True,19456,8.335993987824857,4.690207052209072,10.343381550663103,39.423,0.08895405669599218,0.6431769176352565
Alzehiemers/eyes-closed/patient61,Alzehiemers,61,19,1024,1024,True,19456,14.498491106074464,8.87691043322029,18.05009085191422,60.423,0.08113391984359726,0.614053815433623
Alzehiemers/eyes-closed/patient62,Alzehiemers,62,19,1024,1024,True,19456,12.380958288417801,8.885150083717082,15.396869969281251,65.025002,0.08895405669599218,0.5800599331044798
Alzehiemers/eyes-closed/patient63,Alzehiemers,63,19,1024,1024,True,19456,12.235581309583974,7.870898982838849,13.128108546717042,58.807999,0.09286412512218964,0.5273750585546719
Alzehiemers/eyes-closed/patient64,Alzehiemers,64,19,1024,1024,True,19456,13.648717404920744,10.215247833535921,15.885394032483601,59.512001,0.08308895405669599,0.6224007350603726
Alzehiemers/eyes-closed/patient65,Alzehiemers,65,19,1024,1024,True,19456,6.5644882036681516,3.9079521349729696,8.286124306733774,36.019001,0.09286412512218964,0.6471331879608031
Alzehiemers/eyes-closed/patient66,Alzehiemers,66,19,1024,1024,True,19456,6.03449176252171,3.9258236665349338,7.8831336645674215,30.917999,0.09775171065493646,0.696644071731711
Alzehiemers/eyes-closed/patient67,Alzehiemers,67,19,1024,1024,True,19456,7.222362211118418,4.087275498189025,8.174684799731313,28.285,0.10459433040078202,0.7066950572439826
Alzehiemers/eyes-closed/patient68,Alzehiemers,68,19,1024,1024,True,19456,6.485565192321248,3.978057028129881,7.2492700480754735,25.591999,0.09579667644183773,0.6632090419553568
Alzehiemers/eyes-closed/patient69,Alzehiemers,69,19,1024,1024,True,19456,6.849142072421451,5.774019797320176,9.894417484701917,29.952,0.11730205278592376,0.6629146182826667
Alzehiemers/eyes-closed/patient70,Alzehiemers,70,19,1024,1024,True,19456,7.250004628375639,5.265724425694958,10.128412091711962,33.429001,0.12805474095796676,0.6662504112010799
Alzehiemers/eyes-closed/patient71,Alzehiemers,71,19,1024,1024,True,19456,6.871988585303223,4.732530687314503,10.294646977822454,32.512001,0.13098729227761485,0.702026946344017
Alzehiemers/eyes-closed/patient72,Alzehiemers,72,19,1024,1024,True,19456,7.456992331348991,5.923099551457122,9.617158417234805,36.162998,0.13196480938416422,0.6907736101414558
Alzehiemers/eyes-closed/patient73,Alzehiemers,73,19,1024,1024,True,19456,8.16293025346093,5.745769263853398,11.157959212605085,38.77,0.10557184750733138,0.6175534876934058
Alzehiemers/eyes-closed/patient74,Alzehiemers,74,19,1024,1024,True,19456,6.913226629526267,4.639654607681554,10.420695780882983,43.414001,0.1270772238514174,0.6993947276242011
Alzehiemers/eyes-closed/patient75,Alzehiemers,75,19,1024,1024,True,19456,7.863740235489612,5.572875495536807,10.094475561410489,41.212002,0.12609970674486803,0.5660565546052821
Alzehiemers/eyes-closed/patient76,Alzehiemers,76,19,1024,1024,True,19456,6.662217568180891,4.768589983928762,7.671606361087438,26.603001,0.10850439882697947,0.5628116364764922
Alzehiemers/eyes-closed/patient77,Alzehiemers,77,19,1024,1024,True,19456,6.662217568180891,4.768589983928762,7.671606361087438,26.603001,0.10850439882697947,0.5628116364764922
Alzehiemers/eyes-closed/patient78,Alzehiemers,78,19,1024,1024,True,19456,6.662217568180891,4.768589983928762,7.671606361087438,26.603001,0.10850439882697947,0.5628116364764922
Alzehiemers/eyes-closed/patient79,Alzehiemers,79,19,1024,1024,True,19456,6.662217568180891,4.768589983928762,7.671606361087438,26.603001,0.10850439882697947,0.5628116364764922
Alzehiemers/eyes-closed/patient80,Alzehiemers,80,19,1024,1024,True,19456,6.662217568180891,4.768589983928762,7.671606361087438,26.603001,0.10850439882697947,0.5628116364764922
Alzehiemers/eyes-closed/patient81,Alzehiemers,81,19,1024,1024,True,19456,13.081868389446377,9.963336561604235,17.28098866771307,54.042,0.07624633431085044,0.5961923430974913
Alzehiemers/eyes-closed/patient82,Alzehiemers,82,19,1024,1024,True,19456,15.536518192820123,11.790870310347142,19.43341009304842,72.905998,0.08113391984359726,0.5624015127516424
Alzehiemers/eyes-closed/patient83,Alzehiemers,83,19,1024,1024,True,19456,15.214886055534802,11.003150599697051,18.224340305892024,66.018997,0.08308895405669599,0.6218292298520723
Alzehiemers/eyes-closed/patient84,Alzehiemers,84,19,1024,1024,True,19456,13.85465302818185,11.069609302023398,21.77878203220628,62.136002,0.08406647116324535,0.6829146412175605
Alzehiemers/eyes-closed/patient85,Alzehiemers,85,19,1024,1024,True,19456,5.890899634410191,4.39921269033832,8.540613582601061,28.986,0.10263929618768329,0.703159891293795
Alzehiemers/eyes-closed/patient86,Alzehiemers,86,19,1024,1024,True,19456,7.372047144645452,5.747357691168386,11.100215576877941,39.423,0.093841642228739,0.723589352976723
Alzehiemers/eyes-closed/patient87,Alzehiemers,87,19,1024,1024,True,19456,5.6978630882324435,4.12489056144483,8.092997262273395,31.884001,0.09286412512218964,0.7216588340348316
Alzehiemers/eyes-closed/patient88,Alzehiemers,88,19,1024,1024,True,19456,6.1517765911168105,4.634339174896402,8.143227016994514,29.320999,0.10361681329423265,0.6835300304194463
Alzehiemers/eyes-closed/patient89,Alzehiemers,89,19,1024,1024,True,19456,7.476724442573536,4.3820069459147275,16.400227026857316,103.919998,0.10557184750733138,0.8002984943940659
Alzehiemers/eyes-closed/patient90,Alzehiemers,90,19,1024,1024,True,19456,10.405923616912705,5.695085749346686,12.232276244247034,45.098,0.0801564027370479,0.6643399196838972
Alzehiemers/eyes-closed/patient91,Alzehiemers,91,19,1024,1024,True,19456,9.49471626320571,5.145738384081475,11.016192154309909,50.0,0.09188660801564028,0.6885263590757592
Alzehiemers/eyes-closed/patient92,Alzehiemers,92,19,1024,1024,True,19456,9.520443854828,5.192455736063719,10.213285425763507,37.978001,0.08406647116324535,0.620581879066835
Alzehiemers/eyes-closed/patient93,Alzehiemers,93,19,1024,1024,True,19456,6.700561495110617,5.262077310375051,9.603077204307146,44.294998,0.06256109481915934,0.6032642912068504
Alzehiemers/eyes-closed/patient94,Alzehiemers,94,19,1024,1024,True,19456,8.913993103443964,6.9434190060587495,11.12360823540513,42.307999,0.05278592375366569,0.5882315736740941
Alzehiemers/eyes-closed/patient95,Alzehiemers,95,19,1024,1024,True,19456,6.95616319882705,5.377877062023075,9.118218022112153,39.743999,0.06940371456500488,0.6208013502521282
Alzehiemers/eyes-closed/patient96,Alzehiemers,96,19,1024,1024,True,19456,8.261979035550834,6.721619776115396,9.587026534221009,37.396999,0.06451612903225806,0.6075685497729425
Alzehiemers/eyes-closed/patient97,Alzehiemers,97,19,1024,1024,True,19456,11.041323023289262,7.256954308185534,16.2638150239477,75.765999,0.10557184750733138,0.6698124598325297
Alzehiemers/eyes-closed/patient98,Alzehiemers,98,19,1024,1024,True,19456,11.892451885341938,7.425618869928649,15.506053332089422,54.912998,0.11143695014662756,0.5755527034196785
Alzehiemers/eyes-closed/patient99,Alzehiemers,99,19,1024,1024,True,19456,10.570199371309867,6.568771569601665,13.167567429755442,50.731998,0.11632453567937438,0.6421542692339076
Alzehiemers/eyes-closed/patient100,Alzehiemers,100,19,1024,1024,True,19456,10.400884864690951,7.241926532731343,12.891787973887364,80.383003,0.12218963831867058,0.632126636496706
Alzehiemers/eyes-closed/patient101,Alzehiemers,101,19,1024,1024,True,19456,9.375955586894628,7.157992568453983,11.775918462391534,39.741001,0.10557184750733138,0.6017999091211369
Alzehiemers/eyes-closed/patient102,Alzehiemers,102,19,1024,1024,True,19456,9.835697905677197,7.754919692288328,12.055510711141402,42.254002,0.10361681329423265,0.5866648975417227
Alzehiemers/eyes-closed/patient103,Alzehiemers,103,19,1024,1024,True,19456,9.913432851283378,7.679060268155902,12.581251263932854,40.825001,0.10166177908113393,0.6619044750641864
Alzehiemers/eyes-closed/patient104,Alzehiemers,104,19,1024,1024,True,19456,10.958989254457165,7.17303909335541,13.740683749641251,43.625,0.09481915933528837,0.6399559145906247
Alzehiemers/eyes-closed/patient105,Alzehiemers,105,19,1024,1024,True,19456,6.799567757756998,4.400178386011081,9.297024824908808,37.255001,0.15542521994134897,0.6581789554543559
Alzehiemers/eyes-closed/patient106,Alzehiemers,106,19,1024,1024,True,19456,7.132307670467977,5.254853910976634,9.760435115902402,46.077999,0.1466275659824047,0.633929724207169
Alzehiemers/eyes-closed/patient107,Alzehiemers,107,19,1024,1024,True,19456,6.03111074744982,3.7851104592379357,8.340170369433508,36.275002,0.16617790811339198,0.6269831214744386
Alzehiemers/eyes-closed/patient108,Alzehiemers,108,19,1024,1024,True,19456,6.752063128039705,5.055566517925948,8.980712386961335,30.243999,0.1436950146627566,0.6326101739737874
Alzehiemers/eyes-closed/patient109,Alzehiemers,109,19,1024,1024,True,19456,9.952875654696149,7.000123319563292,13.287250709872863,57.971001,0.04398826979472141,0.6748271696549435
Alzehiemers/eyes-closed/patient110,Alzehiemers,110,19,1024,1024,True,19456,9.896666730571479,6.396252363387059,12.834933477022744,47.960999,0.04398826979472141,0.6537830594089408
Alzehiemers/eyes-closed/patient111,Alzehiemers,111,19,1024,1024,True,19456,11.706299401682504,6.330129923584324,13.976298548163665,54.243999,0.05767350928641251,0.6370310174911374
Alzehiemers/eyes-closed/patient112,Alzehiemers,112,19,1024,1024,True,19456,10.754691783624677,6.08133968018278,13.908407050766385,50.886002,0.044965786901270774,0.6892068407405126
Alzehiemers/eyes-closed/patient113,Alzehiemers,113,19,1024,1024,True,19456,12.065220418547364,7.315683741317956,16.456133191185298,57.561001,0.059628543499511244,0.6509543807208229
Alzehiemers/eyes-closed/patient114,Alzehiemers,114,19,1024,1024,True,19456,14.147399821491986,8.720591231006525,17.534528013226463,55.973999,0.05865102639296188,0.6565248469823075
Alzehiemers/eyes-closed/patient115,Alzehiemers,115,19,1024,1024,True,19456,12.90890769611813,8.016907661301646,17.872368938031364,60.933998,0.06158357771260997,0.6637574834525191
Alzehiemers/eyes-closed/patient116,Alzehiemers,116,19,1024,1024,True,19456,12.31238332152344,8.023768494040556,16.064101700914545,50.176998,0.06549364613880743,0.671100187688734
Healthy/eyes-closed/patient1,Healthy,1,19,99469,99469,True,1889911,90.24819643145709,65.55100462236031,223.02956106054833,3310.55866,0.0,0.8120127699360624
Healthy/eyes-closed/patient2,Healthy,2,19,114445,114445,True,2174455,231.8844558172223,181.34809489588486,405.435682184547,3323.26266,0.0,0.8622693605011229
Healthy/eyes-closed/patient3,Healthy,3,19,109709,109709,True,2084471,137.55591202074902,130.76084940700906,205.03060751306452,3292.38171,0.0,0.7506026152838027
Healthy/eyes-closed/patient4,Healthy,4,19,130189,130189,True,2473591,499.25367208601637,461.42744861040757,840.5019048884985,5797.56674,0.0,1.0155491500725762
Healthy/eyes-closed/patient5,Healthy,5,19,113549,113549,True,2157431,89.53230892492317,69.3504242278344,505.59364026411464,1560.37757,0.0,0.9720312800547559
Healthy/eyes-closed/patient6,Healthy,6,19,124813,124813,True,2371447,255.56661590467397,133.30538050899509,496.1318199373234,3288.92997,0.0,0.5907449212841083
Healthy/eyes-closed/patient7,Healthy,7,19,106125,106125,True,2016375,86.95424323014112,80.32693648505759,487.1815556481464,6256.00119,0.0008480645282876634,0.9789053962324684
Healthy/eyes-closed/patient8,Healthy,8,19,112845,112845,True,2144055,123.30587177599696,87.67159008814225,267.76419899689296,1241.86805,0.0,0.8336875621245428
Healthy/eyes-closed/patient9,Healthy,9,19,110426,110426,True,2098094,170.23218395572962,153.79580307863657,1265.8905278020786,4330.86286,0.002771111614217795,0.951534009528303
Healthy/eyes-closed/patient10,Healthy,10,19,97076,97076,True,1844444,139.46469631498132,72.65778673986517,369.49879605071686,3448.25925,0.0015761009528714911,0.6241034536370875
Healthy/eyes-closed/patient11,Healthy,11,19,103424,103424,True,1965056,96.56019069483462,61.88212104886051,565.9041183840276,4320.67218,0.0005994798062326561,0.6906469227697732
Healthy/eyes-closed/patient12,Healthy,12,19,129716,129716,True,2464604,433.20485471193876,413.8564588660173,1045.1623219486241,5030.24916,0.00117179971475928,0.9874551935871508
Healthy/eyes-closed/patient13,Healthy,13,19,100378,100378,True,1907182,85.94205662943457,67.60291876849895,274.64060205290826,905.366569,0.0008966197435667534,0.9168356399484106
Healthy/eyes-closed/patient14,Healthy,14,19,105818,105818,True,2010542,178.1881950405447,76.31747221192488,489.78628610712354,2302.77182,0.0017105002031809634,0.531114112198412
Healthy/eyes-closed/patient15,Healthy,15,19,100775,100775,True,1914725,339.6358974632704,86.90554617690982,735.6121750869609,3290.5179,0.0,0.7556169380403549
Healthy/eyes-closed/patient16,Healthy,16,19,97421,97421,True,1850999,78.78896826221565,65.16091636090482,105.620486789353,521.223722,0.0,0.8375509860275739
Healthy/eyes-closed/patient17,Healthy,17,19,102311,102311,True,1943909,364.00341982336823,110.12416503501859,647.1383267031491,4977.64046,0.001798455673932167,0.630358597962193
Healthy/eyes-closed/patient18,Healthy,18,19,107815,107815,True,2048485,121.42205664792606,65.40624954966007,357.0604736524873,2054.76727,0.0,0.8605987062063094
Healthy/eyes-closed/patient19,Healthy,19,19,105472,105472,True,2003968,135.8178253563497,86.01127644896845,317.4200478470309,1783.71885,0.0,0.8737426086497857
Healthy/eyes-closed/patient20,Healthy,20,19,113332,113332,True,2153308,134.05731281149738,127.89810783471684,151.7654754515464,2585.11848,0.0,0.9419212644451308
Healthy/eyes-closed/patient21,Healthy,21,19,101952,101952,True,1937088,106.6939306730039,59.12319166559592,371.63081132007454,1954.47907,0.0,0.9023247088624097
Healthy/eyes-closed/patient22,Healthy,22,19,97639,97639,True,1855141,83.18945627534009,67.49592562206746,179.98558585314024,662.791324,0.0009217722608000983,0.8059286311485143
Healthy/eyes-closed/patient23,Healthy,23,19,101095,101095,True,1920805,68.28410893727514,60.07784879494074,210.34464168597475,893.906857,0.0,0.9316206821261096
Healthy/eyes-closed/patient24,Healthy,24,19,96192,96192,True,1827648,76.42706050471574,63.75445796309838,213.51967846065918,1492.66607,0.0006237589795303095,0.8630047562899649
Healthy/eyes-closed/patient25,Healthy,25,19,103335,103335,True,1963365,73.51354817641271,61.69055133141062,568.4761822107474,3176.64061,0.0,0.9111404931864676
Healthy/eyes-closed/patient26,Healthy,26,19,116749,116749,True,2218231,142.13628099373003,84.30105890881269,319.02266844632334,3204.7682,0.0018073114742864975,0.532913718232656
Healthy/eyes-closed/patient27,Healthy,27,19,103591,103591,True,1968229,82.2179422379753,70.46511009824953,259.9260035060319,795.306228,0.0011777198571290665,0.8471322412964359
Healthy/eyes-closed/patient28,Healthy,28,19,108685,108685,True,2065015,110.44370212312437,68.41282514620382,295.6214058060722,1250.99691,0.0008372897574619999,0.6854340984630968
Healthy/eyes-closed/patient29,Healthy,29,19,113165,113165,True,2150135,77.1084683158283,66.19417336303998,178.56569622533135,931.75588,0.0,0.86084135130123
Healthy/eyes-closed/patient30,Healthy,30,19,1024,1024,True,19456,16.586896612644555,13.15208454305267,19.356969568781224,59.641998,0.053763440860215055,0.8251682320533281
Healthy/eyes-closed/patient31,Healthy,31,19,1024,1024,True,19456,10.884790027618193,8.324429385671065,22.722582607900584,78.893997,0.07135874877810362,0.8621248025988997
Healthy/eyes-closed/patient32,Healthy,32,19,1024,1024,True,19456,11.377653597223803,8.384143333302402,18.18932842820726,62.002998,0.07135874877810362,0.8219223235725991
Healthy/eyes-closed/patient33,Healthy,33,19,1024,1024,True,19456,13.002546681455502,10.006966570583364,23.716371974612496,97.152,0.06451612903225806,0.8408918016675592
Healthy/eyes-closed/patient34,Healthy,34,19,1024,1024,True,19456,9.766532265054405,7.589276514431387,19.381924451169773,66.218002,0.07820136852394917,0.8585041329467136
Healthy/eyes-closed/patient35,Healthy,35,19,1024,1024,True,19456,10.354984023481855,6.508336572636357,11.76249141153777,42.372,0.08895405669599218,0.8053190134173004
Healthy/eyes-closed/patient36,Healthy,36,19,1024,1024,True,19456,12.02860725472096,9.856213902039869,14.797951587920082,55.721001,0.07331378299120235,0.8101322221429118
Healthy/eyes-closed/patient37,Healthy,37,19,1024,1024,True,19456,8.381172250232481,6.871582402203097,9.772344767946757,35.354,0.1104594330400782,0.8588975754184863
Healthy/eyes-closed/patient38,Healthy,38,19,1024,1024,True,19456,9.291844769452368,6.393602705718014,17.715240816017086,60.741001,0.07429130009775171,0.9340394391129797
Healthy/eyes-closed/patient39,Healthy,39,19,1024,1024,True,19456,11.585827234236818,7.962810104759482,16.62073843696123,49.0,0.11143695014662756,0.8043099666654362
Healthy/eyes-closed/patient40,Healthy,40,19,1024,1024,True,19456,16.10054168609566,10.439030822234026,26.180866040052305,80.911003,0.06158357771260997,0.804747453203047
Healthy/eyes-closed/patient41,Healthy,41,19,1024,1024,True,19456,15.832735812033134,12.716082366735463,22.38825828614189,76.253998,0.06842619745845552,0.8856336805480698
Healthy/eyes-closed/patient42,Healthy,42,19,288001,288001,True,5472019,31.631341751520008,15.93033782817681,63.65853989375476,4070.30292,0.0,0.4209580511596811
Healthy/eyes-closed/patient43,Healthy,43,19,233730,233730,True,4440870,9.590102730601664,4.972028586412354,13.69011219046702,139.7456,0.0,0.47845370489101896
Healthy/eyes-closed/patient44,Healthy,44,19,168706,168706,True,3205414,5.906480699421356,3.581302471862945,9.00016486416844,153.950588,0.0,0.5790843062357963
Healthy/eyes-closed/patient45,Healthy,45,19,276609,276609,True,5255571,8.515241372477801,4.208991430816165,22.16989334034896,1133.07942,0.0,0.5325367991633614
Healthy/eyes-closed/patient46,Healthy,46,19,167682,167682,True,3185958,5.898244309303462,3.893429052940097,10.802009558611203,317.493957,0.0,0.6274365359536184
Healthy/eyes-closed/patient47,Healthy,47,19,131074,131074,True,2490406,5.142837614255175,3.573337113718237,8.447059571641873,100.388663,0.0,0.6636266902311885
Healthy/eyes-closed/patient48,Healthy,48,19,238964,238964,True,4540316,11.260902448060621,7.128495459380834,20.464815497190877,434.519677,0.0,0.5107284362945247
Healthy/eyes-closed/patient49,Healthy,49,19,172162,172162,True,3271078,9.284942259264705,4.63904544192752,16.465051305200912,233.881815,0.0,0.47963845347821815
Healthy/eyes-closed/patient50,Healthy,50,19,157441,157441,True,2991379,9.75991878985361,5.230900985906789,14.533904437358572,441.942994,0.0,0.6991546822507514
Healthy/eyes-closed/patient51,Healthy,51,19,125518,125518,True,2384842,9.677801264058276,4.318211501742747,25.394957220289285,514.893926,0.0,0.3785950121024848
Healthy/eyes-closed/patient52,Healthy,52,19,129538,129538,True,2461222,8.896219163699005,4.537941108311845,47.88150474663165,697.542875,0.0,0.5571069387374374
Healthy/eyes-closed/patient53,Healthy,53,19,211035,211035,True,4009665,11.337520848683823,6.789401940165253,14.66608343377434,180.587459,0.0,0.4417850349647358
Healthy/eyes-closed/patient54,Healthy,54,19,167681,167681,True,3185939,7.241834644604947,3.371180267636075,44.15603034036936,2065.75701,0.0,0.6296595580762038
Healthy/eyes-closed/patient55,Healthy,55,19,119630,119630,True,2272970,5.643819201284392,2.5508241945624106,9.65830348746437,322.645613,0.0,0.45731198334701645
Healthy/eyes-closed/patient56,Healthy,56,19,220135,220135,True,4182565,4.518752922393336,2.1048058033751627,7.921136894655461,126.826733,0.0,0.4815714773096058
Healthy/eyes-closed/patient57,Healthy,57,19,164481,164481,True,3125139,6.625657821661638,4.283795767336915,115.23662624308211,2360.05888,0.0,1.0886242898926208
Healthy/eyes-closed/patient58,Healthy,58,19,175387,175387,True,3332353,3.979483363154442,2.157557425318849,17.72711960076454,883.421644,0.0,0.5593329543415225
Healthy/eyes-closed/patient59,Healthy,59,19,165633,165633,True,3147027,8.534804839728903,3.900914377466757,31.428236541354288,1636.74112,0.0,0.5630947635134741
Healthy/eyes-closed/patient60,Healthy,60,19,173364,173364,True,3293916,8.165337235442834,4.309742867875205,14.767542890716511,604.552138,0.0,0.4346068611749736
Healthy/eyes-closed/patient61,Healthy,61,19,132482,132482,True,2517158,8.683661551434833,5.626172410951808,14.141176088322622,211.614029,0.0,0.5358771321826924
Healthy/eyes-closed/patient62,Healthy,62,19,157697,157697,True,2996243,7.174192546967992,3.3031571413964835,17.761036794754887,269.348389,0.0,0.480696892182185
Healthy/eyes-closed/patient63,Healthy,63,19,142722,142722,True,2711718,7.114636178449458,4.28560446994684,10.313982887973184,125.689365,0.0,0.523990031014342
Healthy/eyes-closed/patient64,Healthy,64,19,137191,137191,True,2606629,6.696428656434375,2.8285870903696386,12.31398731475392,254.064219,0.0,0.45814263372921293
Healthy/eyes-closed/patient65,Healthy,65,19,159873,159873,True,3037587,8.17529190596836,4.706200864953348,10.086871139605028,554.891718,0.0,0.5177878096104633
Healthy/eyes-closed/patient66,Healthy,66,19,123803,123803,True,2352257,6.2404366367518165,2.7627741379201325,12.35823846504121,590.123104,0.0,0.4497427312785596
Healthy/eyes-closed/patient67,Healthy,67,19,172546,172546,True,3278374,7.259453175162382,3.5675177258270185,16.689508502724095,293.538379,0.0,0.6330631727072317
Healthy/eyes-closed/patient68,Healthy,68,19,135937,135937,True,2582803,8.433277379770285,5.1526712783890325,22.053902324305113,1192.15221,0.0,0.6172220054873022
Healthy/eyes-closed/patient69,Healthy,69,19,155227,155227,True,2949313,4.667898292889751,3.0061863879947888,10.519109354452281,186.866009,0.0,0.4161873691856051
Healthy/eyes-closed/patient70,Healthy,70,19,299649,299649,True,5693331,7.012411136824843,3.801271535895268,14.221773255387735,307.442461,0.0,0.4842979841492245
Healthy/eyes-closed/patient71,Healthy,71,19,164660,164660,True,3128540,5.792861357139944,2.5140561812896562,14.71165178117218,135.372107,0.0,0.4450285066462557
Healthy/eyes-closed/patient72,Healthy,72,19,136257,136257,True,2588883,19.12230373251592,16.900595473100825,21.305542582371466,875.465247,0.0,0.8280721450469837
Healthy/eyes-closed/patient73,Healthy,73,19,155905,155905,True,2962195,7.101922947155697,3.566773178627731,9.935223145436044,300.638088,0.0,0.5029951219908951
Healthy/eyes-closed/patient74,Healthy,74,19,169601,169601,True,3222419,6.611557805770758,4.105931886067644,31.824165938143373,2817.91058,0.0,0.6362302789600712
Healthy/eyes-closed/patient75,Healthy,75,19,165889,165889,True,3151891,8.798243874692561,3.737006897685446,93.46765827018794,1512.62156,0.0,0.681738948375087
Healthy/eyes-closed/patient76,Healthy,76,19,147073,147073,True,2794387,6.372400537076493,3.3408760905231487,12.957930666356281,1015.88775,0.0,0.49286919962665277
Healthy/eyes-closed/patient77,Healthy,77,19,260532,260532,True,4950108,6.103800307168488,2.878572224873195,13.285471881680127,286.358468,0.0,0.4945577545890327
Healthy/eyes-closed/patient78,Healthy,78,19,137998,137998,True,2621962,12.07358656056119,7.428525079516601,18.38608908351172,304.101025,0.0,0.359728495642158
Healthy/eyes-closed/patient79,Healthy,79,19,127361,127361,True,2419859,7.418756776276103,4.490861979358559,10.509735217291409,95.609548,0.0,0.4307252125664113
Healthy/eyes-closed/patient80,Healthy,80,19,166311,166311,True,3159909,6.972246481780267,3.908536016574902,20.105461599947773,534.737837,0.0,0.5055078277474709
Healthy/eyes-closed/patient81,Healthy,81,19,120578,120578,True,2290982,7.7307412122536165,3.5290106090006614,11.10882190786122,130.321837,0.0,0.47304691770091906
Healthy/eyes-closed/patient82,Healthy,82,19,177922,177922,True,3380518,12.472505562311902,6.220152843068318,28.22873402993579,398.467132,0.0,0.48912089563488
Healthy/eyes-closed/patient83,Healthy,83,19,168449,168449,True,3200531,6.755389716494559,4.312503247186876,12.00433054711881,411.124472,0.0,0.6788947604691679
Healthy/eyes-closed/patient84,Healthy,84,19,192002,192002,True,3648038,7.102312670618536,4.721107285973161,11.924984854671374,122.725377,0.0,0.5610705492040466
Healthy/eyes-closed/patient85,Healthy,85,19,214914,214914,True,4083366,10.64040323799944,5.572230559266324,19.98289474399965,268.050716,0.0,0.470585751356036
Healthy/eyes-closed/patient86,Healthy,86,19,185473,185473,True,3523987,12.371732208399594,5.959099475394071,22.86998387642649,436.50332,0.0,0.40086917566084374
Healthy/eyes-closed/patient87,Healthy,87,19,233857,233857,True,4443283,7.706239665846628,4.038817869580549,12.144866222773345,248.51194,0.0,0.5454270408365036
Healthy/eyes-closed/patient88,Healthy,88,19,348801,348801,True,6627219,13.55177224012979,4.859490078704594,58.02663050619242,1212.05735,0.0,0.44780036629162406
Healthy/eyes-closed/patient89,Healthy,89,19,177588,177588,True,3374172,7.386193749351614,3.6551280973644964,17.914143626069457,366.831794,0.0,0.4658058327147252
Healthy/eyes-closed/patient90,Healthy,90,19,145230,145230,True,2759370,5.2714232520743,2.4199897337822964,7.66561282314909,166.413914,0.0,0.4157102426054742
Healthy/eyes-closed/patient91,Healthy,91,19,161794,161794,True,3074086,6.520211382163692,3.4962771910538266,17.280143897985237,620.325241,0.0,0.5592860816393584
Healthy/eyes-closed/patient92,Healthy,92,19,171266,171266,True,3254054,8.117818173425121,4.79633775706782,18.909556406908536,128.969221,0.0,0.618257673488766
Healthy/eyes-closed/patient93,Healthy,93,19,256130,256130,True,4866470,7.4488656219867,4.168056570383355,12.862159297695104,145.229463,0.0,0.5954290554882791
Healthy/eyes-closed/patient94,Healthy,94,19,106242,106242,True,2018598,12.234661833171044,6.187765086953562,22.528941374752314,324.780463,0.0,0.4772542642817917
Healthy/eyes-closed/patient95,Healthy,95,19,170369,170369,True,3237011,6.9457544196248024,3.6480625457785125,23.39535477510686,687.347472,0.0,0.4944025346733253
Healthy/eyes-closed/patient96,Healthy,96,19,132199,132199,True,2511781,7.001995014873402,2.511080888965094,11.5830140893217,499.751203,0.0,0.43001898892701085
Healthy/eyes-closed/patient97,Healthy,97,19,174862,174862,True,3322378,6.2010998802082105,2.9494133832056777,15.237841557416825,211.664067,0.0,0.4728679295362514
Healthy/eyes-closed/patient98,Healthy,98,19,169857,169857,True,3227283,7.55085404081497,2.97736413726889,13.778597735740533,278.557668,0.0,0.42031814108755344
Healthy/eyes-closed/patient99,Healthy,99,19,170407,170407,True,3237733,10.542557956532615,5.950846669110523,21.936397734621544,518.348662,0.0,0.7771577120320429
Healthy/eyes-closed/patient100,Healthy,100,19,146050,146050,True,2774950,7.990524435164443,2.9513800513569355,15.29799394374555,929.275989,0.0,0.44039044196387733
Healthy/eyes-closed/patient101,Healthy,101,19,172930,172930,True,3285670,8.861024419718674,5.289417185623114,13.972226232416723,196.250596,0.0,0.5232891645945381
Healthy/eyes-closed/patient102,Healthy,102,19,191362,191362,True,3635878,6.2365572687986255,2.755961815253359,11.163056643194643,151.453874,0.0,0.4626744015553363
Healthy/eyes-closed/patient103,Healthy,103,19,134657,134657,True,2558483,7.574060909087264,3.8563485861182927,15.685888458490828,812.859528,0.0,0.5290520642572875
Healthy/eyes-closed/patient104,Healthy,104,19,141236,141236,True,2683484,7.86166489596266,2.629632673034351,12.491009618286697,320.853743,0.0,0.45621873960952913
Healthy/eyes-closed/patient105,Healthy,105,19,165250,165250,True,3139750,9.18442533520728,4.633145821715144,18.772587652814433,151.709697,0.0,0.47188003093170244
Healthy/eyes-closed/patient106,Healthy,106,19,172801,172801,True,3283219,16.277038860624362,5.262901340953798,50.41806249047899,1647.36591,0.0,0.5422819847474105
Healthy/eyes-closed/patient107,Healthy,107,19,170498,170498,True,3239462,6.207371890187138,3.168863248348338,15.837656354147084,583.351485,0.0,0.4363912032352689
Healthy/eyes-closed/patient108,Healthy,108,19,172802,172802,True,3283238,7.67950615884794,4.2889438260973884,56.91995510862746,1846.78204,0.0,0.5749849551363797
Healthy/eyes-closed/patient109,Healthy,109,19,149377,149377,True,2838163,7.2488242829533105,2.4919087264755024,22.91637292234533,1001.518,0.0,0.4329692941279843
Healthy/eyes-closed/patient110,Healthy,110,19,154625,154625,True,2937875,8.891574610261198,4.7997885348143114,23.027017115689976,1229.10026,0.0,0.4061620397789005
Healthy/eyes-closed/patient111,Healthy,111,19,312577,312577,True,5938963,9.649196652494508,5.772709847405968,17.81074304217034,961.016431,0.0,0.48110166853294395
Healthy/eyes-closed/patient112,Healthy,112,19,139163,139163,True,2644097,9.415067657742965,4.168740531813975,16.871819409665466,97.3090762,0.0,0.4676304862199001
Healthy/eyes-closed/patient113,Healthy,113,19,131585,131585,True,2500115,6.186843736829643,2.8365672425599877,8.860210878759698,191.4556,0.0,0.3938192687685445
Healthy/eyes-closed/patient114,Healthy,114,19,169857,169857,True,3227283,7.395822345607609,4.146976241865637,24.619013615904603,726.139015,0.0,0.5730996366632302
Healthy/eyes-closed/patient115,Healthy,115,19,148738,148738,True,2826022,6.726428669625191,4.230925857790914,13.989796811708816,894.008693,0.0,0.5015628954252717
Healthy/eyes-closed/patient116,Healthy,116,19,233895,233895,True,4444005,13.304779255408963,6.504773671130782,17.23903349434757,235.759681,0.0,0.4366003840752283
